Allium,Anaphalis,Caryophyllaceae,Chesneya,Delphineae,Draba,Gentiana,Leontopodium,Meconopsis,Pedicularis,Pleurospermum,Primuloideae,Rheum,Rhodiola,Rhododendron,Salix,Saussurea,Saxifragaceae
1745,1901,1435,1980,1452,1959,804,1246,1355,592,1135,1389,934,1411,970,734,566,841
662,1706,1085,1932,654,1679,1340,992,1000,1977,806,1800,1072,513,1416,514,1594,1996
1478,1889,1820,797,1884,1556,1636,1209,1188,1813,944,1099,883,1517,1986,1394,1003,1956
1929,1957,1795,1517,930,1188,1247,1857,1188,701,718,1873,1043,1979,730,621,519,592
1590,1296,1246,1127,777,1156,1733,1907,1122,877,1459,645,1967,1893,1203,886,1984,1052
1732,1718,689,1386,818,902,1886,972,723,887,1102,1187,816,1700,1928,1348,860,1608
1287,985,1536,1000,1533,1810,559,776,798,1869,1168,764,896,1106,1523,1930,1603,573
861,1277,1118,1566,820,557,1319,693,872,1208,825,735,1441,825,1929,1802,739,635
1688,1096,1985,1432,909,1068,1407,1731,691,617,1494,1329,1900,1764,859,1482,1188,1274
1003,836,886,1867,1044,1135,854,1295,1639,858,707,889,1673,789,1237,1735,1310,1898
1199,1407,1046,1363,1430,989,1167,915,1539,1755,946,1799,1986,1789,1015,1856,1182,1496
1228,957,1600,1864,959,1953,1278,534,833,1387,676,1760,984,593,750,1587,1869,888
1389,1875,1990,858,990,842,1772,608,810,902,1474,650,1661,695,1925,1669,993,602
1282,1778,716,1590,795,1382,1166,1885,1113,1807,1115,1693,585,1107,699,1327,1960,1877
1589,1551,1948,851,589,509,994,1346,918,751,1533,726,848,1044,1753,627,1032,1833
880,1503,1584,843,1089,1448,1808,1130,1700,1731,1190,858,924,905,1507,1704,1752,1560
533,1044,1698,702,814,1712,1164,1244,1392,2000,1107,738,771,1180,1833,970,1929,1033
1853,1304,1877,1225,669,650,1170,951,584,1963,549,920,643,1616,1680,625,1193,1247
522,1152,1465,600,636,1476,1208,1490,894,538,1803,844,1773,1924,1228,1718,1803,1481
1985,1585,1225,1845,1108,1176,1732,1192,590,1340,1381,1611,1923,588,1180,1121,712,558
1679,1159,823,1033,538,770,583,1122,633,1126,658,680,1658,1139,1402,1711,1675,932
1663,1672,982,1999,1951,949,1489,1657,1103,1657,1140,1502,882,1346,1162,618,803,1103
1144,1517,1389,1809,1247,1919,1573,1849,593,1772,1918,996,770,1510,1608,1380,698,596
720,1702,566,651,1631,1543,541,1134,884,1006,1470,1213,1001,1649,1711,573,1581,1953
1487,977,1214,1333,1752,876,1320,1720,688,1662,1812,1295,500,1521,912,966,1160,692
899,1514,1599,854,952,1722,1046,687,1054,1036,908,690,1433,646,1472,1822,857,851
602,1994,1344,1175,1982,730,1511,1861,836,1147,951,1221,1603,1868,1945,1417,1959,1716
1358,605,542,1203,1386,509,1106,1004,1322,1862,1997,705,1451,1816,671,1962,1273,885
807,940,1942,797,1196,1048,1055,1178,768,502,1158,617,1129,1258,1017,1219,1296,990
1234,1590,1039,1376,1904,1332,1304,1739,763,1040,765,1244,1722,593,1804,1371,1928,1848
929,1559,765,1840,867,1077,1057,1071,1045,793,1812,1942,1074,1648,1380,652,856,696
726,1933,1317,1412,1794,1007,705,688,514,1942,1165,1321,952,1808,785,1155,633,1583
1730,906,796,1045,505,882,1515,1326,1595,1492,1229,1124,1450,1308,1760,706,983,1067
987,1079,1529,615,728,1472,1631,583,1842,1587,1474,1485,614,534,965,897,1911,1120
548,1416,1701,916,1202,1208,1113,1828,954,1748,1455,1659,953,789,1249,877,1383,1834
535,1501,1496,717,880,709,1542,1105,1718,1149,1076,1349,1766,1815,980,1566,1915,887
1038,996,1206,1883,1754,1175,1455,1795,1256,1012,696,1373,1198,1360,857,1299,1795,1728
1497,1123,1384,1858,1851,1885,1825,817,1751,1783,1377,1751,1204,1525,803,1666,1995,992
1238,755,751,1131,548,1373,1144,1181,1816,782,1825,1590,1990,1243,1104,761,1726,1713
651,1303,1457,1733,913,1960,1642,539,1891,574,1963,1944,1648,1548,958,1109,956,698
1792,1429,1434,1830,1565,1239,924,1855,1223,1505,668,733,732,762,1003,1556,660,1310
1046,1686,1396,1265,633,1882,1411,735,829,1714,868,1959,1292,1226,1301,793,965,1083
1163,1924,516,1983,1449,1876,1828,1157,1663,1022,1864,1822,1218,1413,1733,763,1478,1913
1961,1805,1494,1546,1647,1346,896,1032,838,1216,1488,778,1758,1193,817,1391,829,1494
1045,1264,1130,1563,601,1664,1477,1502,1437,500,1242,805,589,1220,1282,1643,1364,1651
527,816,952,965,1922,725,942,1143,1971,1259,1477,1653,1194,1427,1948,1802,1380,1034
1210,1513,1215,1258,1849,1880,1378,1576,1681,510,1260,552,1473,1923,1010,1938,1015,1145
608,872,1864,1230,1619,1684,915,1437,1099,584,715,1792,1229,1601,904,1280,517,1159
1543,1777,529,577,1042,556,860,1800,584,1473,1456,939,876,1565,1143,552,1089,768
1146,686,851,765,1992,1942,639,1831,1793,661,1129,628,1586,544,932,1016,619,1164
1842,613,1803,1291,1429,1900,1232,1422,1119,795,1635,1396,997,754,1242,1779,521,783
1930,1469,1957,735,1258,760,1687,1029,1276,523,1499,1033,944,503,909,551,1628,1209
1041,1170,1467,1590,1193,1569,1852,1086,1710,854,1680,655,952,959,813,975,1358,752
1449,674,1820,1189,1767,508,1160,1891,1001,1009,1129,1915,1582,859,863,641,675,1981
543,904,1541,1794,1788,820,1499,1308,802,556,1737,1649,1731,854,903,1325,1805,1782
1454,747,1885,621,1131,663,502,1786,1468,1164,1790,1964,1322,1948,1859,1509,1195,954
1945,1247,1376,982,537,827,1016,862,1155,588,530,571,594,1584,1129,1997,1042,1633
1797,1412,660,1600,1434,1740,1790,916,1336,1106,912,1206,1767,1697,796,652,1908,1489
816,1014,588,942,918,1847,764,1257,1441,1559,1263,1902,1539,727,1525,978,1651,886
591,979,589,1255,1055,1253,1903,1809,1542,1550,796,1843,502,1427,955,838,1260,864
1673,537,1306,1076,776,888,1230,1343,1483,1432,1440,1650,1839,1086,1739,1842,1907,1213
1119,1777,1779,1891,1384,502,1590,651,1129,508,1471,1333,1003,1526,1879,1228,518,820
568,1232,1170,1152,1979,668,541,891,1055,952,1689,1128,585,870,1880,1029,1305,800
1697,1439,671,1633,1733,1867,1671,1093,1029,1263,1322,1038,1162,1813,1062,1219,1284,1736
552,1905,1674,1423,1194,1658,1119,971,1700,1244,961,1419,847,921,738,694,1678,1067
980,1394,1420,1598,727,802,1803,1004,1719,1552,1280,1012,1749,1626,886,821,915,1353
868,1184,1357,983,1868,1512,1260,1904,1321,1158,1298,1674,505,1923,1279,704,1991,1205
788,1006,1291,1294,1991,1711,1453,1647,1423,1694,650,1424,727,1484,1146,1020,1084,989
1842,693,1911,1278,1350,1751,829,1464,832,882,773,1482,1368,1595,992,1087,1944,1872
519,1220,1270,1592,720,1627,544,1665,1766,955,970,591,1592,1686,1681,1271,1433,1118
956,1878,1633,658,1191,1286,872,1888,623,1282,1582,1367,1942,1152,1315,1150,847,1913
875,1925,1452,1020,1045,580,764,1679,1622,1536,672,1451,1801,715,1429,1500,1836,1078
737,717,1296,818,931,561,562,1349,963,741,739,807,1053,1278,1918,913,849,1219
1929,1846,1744,1338,1517,834,1007,921,1888,1427,1426,1622,1559,1277,1034,1394,696,1701
560,876,1190,1012,892,1744,1559,1425,615,1802,1318,1196,1789,799,1667,1256,1723,973
1241,864,1183,922,561,1359,1117,1544,1924,895,1804,763,1333,731,1442,963,1731,1497
1635,1602,1350,1654,1461,880,1915,1104,1879,771,1380,1605,562,1048,1139,1825,1072,1372
1746,867,771,1793,509,1547,721,1327,1526,1912,1427,1060,1508,1497,1999,844,1563,750
1315,1789,1214,639,615,1057,668,1863,668,1940,1011,728,854,1248,1891,1613,1703,1654
1600,1767,835,1707,1310,1821,1031,1827,1108,796,1977,1547,1782,1548,1874,636,1398,912
738,1393,967,1799,1022,1677,1436,1329,1658,1843,1915,835,579,896,1290,1937,1726,1249
1386,1953,1287,1774,1338,1540,824,1921,1164,1292,1144,1230,1017,634,1618,1779,1965,795
759,1977,1818,844,1644,1732,1965,613,1314,978,740,1056,1722,917,867,684,1847,1802
1993,1727,1988,1609,1848,520,1419,1620,1124,1674,1000,1581,590,1572,1664,540,1469,1943
956,1121,1071,1273,1217,1300,1688,609,650,1116,726,1803,562,1840,1484,1701,1580,1273
737,1336,683,1770,596,1412,950,1030,1227,1848,1578,1546,1226,1980,1762,1611,1346,1217
1478,709,1979,916,591,1310,1592,1034,1782,1779,517,1158,989,1110,1675,1803,635,897
1359,994,1332,1717,1919,1219,684,627,1364,684,1574,645,808,1525,1197,919,946,1495
1601,1640,1728,667,1130,1596,636,1945,1184,809,1620,815,1103,1485,1945,1610,861,1011
1933,798,1411,1523,505,1936,1198,840,506,1344,1758,726,762,1443,1649,1111,1739,1180
672,1480,1969,1270,1692,1197,1911,863,779,875,1391,989,1004,687,861,1307,751,1596
755,1547,1829,800,506,505,1054,941,1818,1944,1060,672,1436,964,1893,578,931,584
1338,1363,1316,1428,1204,1494,1405,1071,1414,890,1517,1531,1840,1744,1443,1229,570,977
1057,1941,1314,913,1596,1052,1846,1816,909,1939,949,934,1502,1558,587,1750,500,1891
714,850,1719,1185,883,1214,657,1055,533,973,894,620,1301,1933,1778,1789,644,703
1990,1411,1317,959,1727,998,1054,701,562,649,1511,1079,1655,1579,713,669,1310,787
1884,1824,1544,1728,1853,999,1565,587,1056,1824,1125,1828,1544,1870,1090,1898,950,1658
1926,1943,951,1562,1665,1747,924,1548,549,1957,826,1272,1504,700,1665,1339,1472,1589
1629,1784,1032,898,1112,1892,1720,1792,1816,827,1056,1438,997,1394,1268,1276,1389,678
683,1486,598,1451,1689,1721,1679,1289,1109,1170,567,1804,1730,1415,1012,981,1388,532
1979,1025,1052,1783,1533,1854,1247,544,1292,995,1837,1571,969,1695,1288,1296,1256,1901
1044,600,622,1045,881,847,1801,1980,1356,1944,1153,611,1419,1458,793,970,740,1308
1683,1451,967,697,1810,1593,1952,1520,750,649,1926,1427,1722,1347,1211,1079,537,1756
1972,581,844,1411,1668,634,1600,1607,1731,576,1555,874,869,1158,927,1486,1572,976
1854,1565,639,1774,1176,1478,1342,812,1713,671,1148,839,1174,1908,1388,1167,1989,587
1851,547,1669,1979,1174,1613,1113,1757,1180,1150,908,1999,903,1964,1153,1606,1940,1878
1826,1285,1700,1173,628,889,1055,1037,1682,1548,1465,1028,1336,1823,1023,568,1173,1397
1673,1105,754,1019,1821,1606,641,1998,929,1108,933,1692,1750,1950,1843,979,1174,667
1498,680,1864,1410,1326,1487,1120,881,1694,1270,1218,1345,826,500,711,610,1203,622
1862,811,571,1014,1787,1076,1017,1524,707,1999,625,1656,1353,1630,1228,1076,1807,1901
1145,560,1764,1065,1279,732,762,655,1208,1579,1014,994,505,1184,648,757,1321,1691
1873,908,1798,1038,786,795,921,1305,1920,1598,655,1718,710,1705,1384,949,1074,1537
1192,1436,1790,1966,545,1148,1325,704,1798,746,1098,1736,665,1169,1229,1676,1388,726
1066,1994,1391,738,1309,515,1204,1819,949,1248,863,1986,1540,1884,810,1794,1437,736
1762,1650,1223,1785,1957,670,1051,1717,1019,706,1450,1728,1716,1954,1808,1597,1024,864
1817,1365,1133,1187,1969,964,1671,1261,1333,781,1235,1897,1105,1119,1153,999,1448,1343
1089,883,599,1104,721,1630,1498,1302,1679,558,1411,798,1511,1359,1994,735,899,1008
968,615,1117,1355,1256,1410,641,1948,778,1419,502,771,1227,1684,833,1495,1024,1347
1872,1346,1123,1015,1392,1349,657,1262,1498,1199,1505,1737,550,1175,869,920,1279,1954
1052,1383,969,547,2000,942,944,1656,1320,1992,1686,797,652,949,1868,779,1349,1747
1135,1219,1957,670,939,1034,1646,1927,664,1162,1512,1754,1619,602,1275,655,1936,1448
1813,1979,1144,1472,1945,1968,1512,795,1036,830,535,739,1854,1147,1035,549,1847,731
685,898,1857,1248,816,833,1433,677,501,812,1112,670,747,773,1549,1368,1613,1206
1886,1171,1169,904,876,909,1717,860,970,1509,902,634,1137,577,1530,788,1978,651
836,827,1592,1857,1097,696,1279,1962,602,1403,925,1417,1773,1212,1132,1613,978,1949
1865,649,1181,1231,796,912,1259,1455,724,1528,1985,1683,980,723,760,1371,836,748
1796,1781,919,1966,1026,1099,1508,1974,1941,899,1230,1843,1546,1982,689,790,1367,999
550,938,1785,1336,1216,1738,1635,1169,733,1577,1904,751,549,1396,652,944,756,1837
887,513,1728,1328,1174,1982,1001,1488,1417,814,814,649,1653,1490,1468,1551,1803,822
1552,783,1444,871,1609,692,839,1384,1163,1125,790,1887,1996,1476,1992,503,931,1988
690,1338,623,663,1754,1405,1198,712,1047,1945,1306,1658,1612,1727,1588,1116,1359,1072
585,602,959,867,990,773,946,1320,1117,546,1653,711,942,1498,756,1857,975,827
1602,1937,1902,1606,1532,589,582,1171,1944,1534,1501,584,548,1413,1814,984,639,1375
1265,1695,815,705,1249,1310,965,896,793,1520,584,1253,504,749,520,1832,637,1140
1751,1227,603,529,1494,1533,1262,648,1231,876,677,1254,1588,1840,855,704,645,1351
1065,1034,1789,676,920,1227,1554,1392,872,762,1160,1256,821,1048,1919,820,1728,534
1413,1876,1220,1756,1941,799,1426,1446,1091,1773,1558,866,799,880,1510,824,1964,988
1600,649,980,1158,1322,850,1851,1090,608,555,1101,1860,532,1498,1199,1609,1158,1384
998,530,1014,838,1428,1793,874,1094,1231,1318,1579,1058,1534,1383,1548,735,1336,1560
1598,1636,789,1963,1262,1221,647,629,1078,1589,1283,1223,1026,1212,1082,1148,1824,818
1191,631,1603,1537,869,792,747,1732,1995,1054,1943,1365,976,991,1821,1403,1468,564
856,678,1220,898,954,710,1790,1216,957,1681,779,1322,1166,1098,1226,1626,1489,1890
823,975,1548,1665,696,1675,1688,1948,546,534,823,509,1282,1971,1166,1022,1115,1163
1044,1597,1180,1984,1045,1393,1130,958,611,1489,1703,1512,608,1772,1152,1623,1266,714
560,729,1730,1299,638,810,521,1511,1551,1761,1672,1506,1820,1715,1521,1032,822,1719
1382,900,1793,1413,824,941,1924,923,558,987,1076,1072,1701,1600,528,1910,1555,867
1989,1375,1622,1177,993,1294,1092,858,1433,1771,1131,539,600,1264,1570,1515,930,1950
1948,1327,1307,1838,1958,947,1126,1962,690,649,944,1983,1272,1040,1069,1008,506,540
758,1224,1184,1526,1558,622,913,1419,748,531,647,1345,1093,731,600,587,878,1923
1313,1477,1718,1698,1621,1594,1265,551,1433,1804,866,868,1770,772,968,1625,594,1828
780,1706,1448,1082,1848,1272,1066,1669,1303,1821,631,1234,1767,1173,1999,1992,1684,913
1503,1202,763,1995,1391,1200,1522,1275,927,1275,1065,881,933,1738,874,554,1078,534
658,1921,1032,1054,626,1864,1321,1948,1467,1628,1219,1277,921,764,738,1287,1791,1066
1123,1706,648,1154,1183,1768,998,1134,614,1653,1123,947,1415,1554,922,1494,815,1712
1997,1713,1897,1970,534,1889,503,1222,1321,1031,734,1372,666,1488,1748,1661,786,627
538,1648,1868,1416,755,1475,1645,1261,1274,622,1992,1866,1868,1630,1493,1236,1544,1996
1256,843,1998,504,1464,1681,1814,1165,1301,1240,621,512,578,1884,531,612,1819,1706
1912,855,556,1594,794,1913,706,598,1055,688,951,1667,1333,1850,1204,1658,942,1756
1506,564,1498,1254,1550,1074,1891,1017,1145,1519,560,650,1142,918,1586,1367,1026,1480
1688,1783,1523,815,1194,857,1422,709,664,666,1071,1747,1490,1496,846,1611,1017,1448
1742,1550,734,1723,1601,841,707,1306,635,1465,1739,1463,1569,804,1867,1385,568,942
1434,799,1087,1895,1758,1518,985,935,676,540,1768,1650,1888,571,1128,1771,843,923
708,1683,1920,1431,1218,1011,1664,1018,1813,1843,1322,1801,1454,1035,1751,1161,1825,1787
1178,716,1900,1535,519,865,1151,534,819,1140,1181,1824,1597,1047,1035,1036,1968,756
1247,1645,908,557,1720,775,1104,1443,1554,1800,1463,1911,1557,661,574,973,631,1211
1230,1045,1564,1567,813,1134,820,1107,1669,1230,1020,1147,965,1366,1606,895,818,1577
1963,622,1922,1393,928,1570,679,613,1509,563,1699,968,1610,1562,775,1296,713,760
1663,1718,880,1420,771,750,1805,1675,581,881,1530,1029,1106,1672,801,793,1332,890
1098,1842,838,1127,1713,1200,1216,1121,1112,749,1451,1187,1277,1220,1890,989,1931,1574
1178,1367,648,868,1742,1812,1350,808,1096,789,1726,1272,1774,1985,508,884,820,1753
1400,688,1925,1287,652,1516,731,1991,1797,1985,1685,1600,958,1527,1600,975,1065,1128
1702,1255,1089,707,1455,1425,724,1015,1061,584,1781,789,662,1476,1957,1913,817,1374
1436,1132,1846,1213,1015,1884,980,1813,1474,896,1912,1754,819,1521,1615,1838,1289,1722
1155,983,1175,1256,793,1991,1155,1694,675,1735,508,1767,1548,1617,1929,1741,1655,1119
918,868,1116,1386,639,1328,1772,559,1615,1262,1045,936,1386,1236,1232,1814,680,1662
848,1989,1587,1417,1410,1526,1241,982,1174,1548,1282,1303,1687,1202,724,1698,903,1173
1917,1654,1853,1580,1958,843,1045,793,1887,1328,1691,1732,1209,1403,550,993,1326,1654
515,1284,553,1937,1481,1583,1685,1787,1939,1513,1825,890,1954,1101,724,1725,641,1340
1925,719,1970,1086,1455,1356,701,971,1864,1989,1043,1336,1116,1795,1451,1909,1851,1319
1488,656,1309,1264,1884,1955,1171,1105,1321,791,1145,1662,1510,1246,1024,1844,737,1546
1803,544,1532,604,740,1118,1655,629,833,1634,1560,1496,1686,1514,731,1276,721,1556
1105,605,1635,1135,1920,1824,1042,951,1774,1747,1497,1394,531,843,1392,901,1096,1901
1880,867,927,980,849,900,1184,616,1032,860,870,1919,500,780,1658,1343,1688,1263
880,1907,1867,611,681,1104,517,744,1013,1163,883,1683,1195,600,1641,1333,1716,1952
916,1463,1593,1519,808,1863,1409,590,851,1401,1849,1013,1049,1279,1739,729,1559,1746
1719,992,560,1533,960,889,1191,1943,603,717,1582,1714,1708,1055,1356,1353,1615,596
1038,1584,1269,1973,1493,537,1794,658,1281,1186,1337,1498,1809,893,1946,1287,1240,1902
1790,1155,852,776,1001,542,1290,501,699,612,693,1265,1837,1562,1821,1217,1963,929
1162,1111,1425,1831,1718,635,1213,1176,603,639,751,546,711,1459,681,639,661,1392
1594,1135,1004,1561,1613,1014,947,1625,1130,1975,739,1188,1246,940,903,1802,1782,506
800,1826,1432,1922,970,1141,1550,1261,898,916,1181,1741,517,1803,1145,1982,1494,1123
1742,1136,1459,1673,1937,588,1906,1201,1673,1868,1669,1290,1674,1071,1263,1256,1994,749
923,1629,1028,563,1427,522,699,1467,1173,1215,1278,1405,1417,723,1536,902,1689,1008
1949,1741,527,1029,1467,738,1809,515,728,1948,1831,1391,598,1526,752,1652,1027,1995
766,1622,1818,1479,1501,1289,1632,570,1395,1781,678,1302,1571,600,1083,817,1140,1267
683,585,1580,1937,1297,1798,1819,1866,1509,1914,1048,1351,1319,531,1972,1183,1237,1714
635,1397,1151,1452,812,1785,1138,1742,1516,1667,1466,810,869,913,987,1631,750,1505
1614,1128,1761,844,1364,837,1735,963,1030,741,864,569,1951,1737,1811,1687,1375,881
907,1661,1934,609,1054,973,1362,1491,1234,1109,1107,1439,1991,513,622,1382,1695,1947
1699,1312,1327,663,1610,1774,1458,786,1703,1844,1388,795,1740,756,611,1330,1197,989
1135,1934,1093,1284,1810,903,573,1601,1458,1731,1019,1207,1729,872,1056,1412,1723,1454
1391,1668,505,1450,1861,1148,849,1971,1508,634,590,874,809,1144,1411,866,599,1519
603,953,701,1903,1051,1450,1220,1568,1461,931,1095,785,1564,566,1401,758,653,1544
1471,1767,1788,1669,789,1250,1120,1182,1100,1554,1148,1116,1685,1832,618,1087,1996,1255
1314,1994,780,519,976,1890,852,660,1204,1480,1809,1814,717,953,644,734,1464,1075
909,1356,837,1658,1993,581,960,1410,1446,1940,1962,501,1961,1234,524,1414,1005,1690
1556,1989,1355,1603,1037,1020,1983,1983,1220,1085,841,612,677,1277,879,1839,1764,1162
1453,616,573,1849,923,1335,1509,509,1868,1473,1852,1709,1943,812,1204,1595,759,1742
1568,1580,593,1436,947,1355,1076,1786,613,1179,1000,606,1488,952,1585,557,1602,1190
765,1572,1417,1160,938,511,1847,1165,1854,1591,1011,1892,1141,1152,1219,1659,595,1128
1146,1057,1224,826,1058,1473,1450,1230,1718,1296,910,1663,1157,1633,512,1294,865,915
1691,1701,1225,869,949,1054,1560,1078,1912,1972,1021,543,1266,1024,786,1098,664,1020
1005,991,1437,1432,1496,507,1548,1567,1870,1842,651,1519,1284,941,746,1855,1081,1141
570,1202,1654,1320,1350,1741,1979,1458,1836,566,1354,1514,720,1930,1143,732,1665,1140
1889,1123,522,669,875,1281,544,1088,812,922,1603,1570,941,781,1687,1271,734,1559
982,1577,730,757,1745,1577,958,1938,1472,1943,1103,752,1669,673,1488,1580,942,557
1416,1897,1209,1088,868,1438,1021,1683,1544,1893,1173,1502,738,765,1040,724,870,1045
1636,575,500,600,868,1971,1612,1214,885,1443,795,1998,1895,1026,768,1270,1840,1632
955,1444,829,1380,1267,863,1901,515,1231,782,1429,537,946,680,1828,1859,1361,1242
1790,1037,1076,1049,1760,1705,720,1874,1814,828,1775,564,694,1674,1904,1780,783,638
1030,937,1977,747,680,1930,1902,1129,781,571,1460,1388,1189,1219,1273,1868,888,1469
1570,972,557,1500,1722,1068,1699,1416,1519,1749,1173,1598,1002,1855,1692,1859,1946,1197
820,720,1211,1928,1663,1486,1356,1741,1121,1240,1560,1264,995,752,691,1543,1272,1437
800,902,1425,1565,676,1489,1591,846,1259,836,849,1310,1012,1095,618,1212,1039,1180
1822,620,1411,889,614,528,751,666,675,1005,1173,1925,1446,1149,553,1293,604,519
1965,1112,1715,977,562,931,724,1919,1923,1014,1336,1144,701,1823,1736,1727,1050,643
923,550,650,542,915,1405,805,1520,1864,705,1506,1815,1479,1971,881,815,717,1633
1417,851,597,1206,835,980,1977,616,591,826,1274,1967,703,1503,889,1311,1941,1544
1035,1785,1281,1253,1693,1222,1553,1142,1123,1367,1334,657,1023,1559,1404,1229,866,1200
1284,813,790,1202,1746,1657,744,816,1748,1601,1993,1979,1884,1720,1120,600,1090,1640
786,1971,1636,1633,1381,526,1577,626,999,1915,828,1401,1705,1471,1808,1774,1577,1982
921,1838,650,1613,941,1269,501,961,604,677,799,1866,1104,1390,1408,534,874,1990
762,1454,1509,1964,1680,1448,1007,1358,1123,1968,665,710,930,737,572,691,1959,1782
1920,539,1939,1120,1413,816,1227,1977,1968,1904,584,1285,1735,1716,1712,1955,683,1926
592,539,1654,1338,898,1071,1930,1892,1446,1391,1408,1850,1313,1136,1263,1249,1255,520
1623,1629,1531,1611,1604,1147,1998,736,1166,561,830,1232,1288,939,1407,1528,1240,1037
1719,1980,1918,754,592,686,1412,1639,1427,1307,1669,1382,576,1622,1832,1783,1939,1953
520,709,1051,659,1530,796,994,1036,1856,1630,1721,615,1132,1228,1650,956,1982,984
843,1932,594,1013,986,890,1837,1656,1770,1207,1544,824,831,1738,1950,1589,1039,1584
1383,1842,738,1402,1420,888,1632,1523,1680,1042,1721,1188,1145,798,1578,1606,503,1648
667,870,1923,1654,1609,1943,958,599,1894,1832,1944,1678,610,824,1992,1887,1676,1531
504,844,551,629,1176,1721,1228,1442,1780,1020,999,1037,1231,536,1119,1095,528,1510
1563,1708,635,622,1136,1966,1826,1444,993,1521,1223,893,806,1721,1504,522,796,1972
1758,610,1795,1734,1089,670,1662,1929,1162,1831,1236,1534,983,1143,1649,506,1781,818
765,1685,798,1640,843,500,1672,694,818,518,882,1365,1249,532,1867,590,833,1593
1635,1277,1040,819,1383,1933,1636,1495,959,1256,1865,701,559,1451,1567,1546,1333,1207
1404,814,1347,1811,1537,1372,705,961,1394,1258,1501,1660,1120,827,1720,1046,1396,552
1750,1318,845,1378,1158,1310,709,1136,1944,555,836,1856,1867,683,506,1001,522,850
578,824,1606,631,1189,1286,734,1219,623,1535,776,643,1896,592,1000,1221,1172,709
1131,1555,1584,601,616,972,1874,577,1882,1036,1468,762,1678,610,1092,904,1568,1533
855,1867,1948,1624,1975,628,1774,544,1074,1362,1976,1398,1184,665,1259,814,548,775
1395,523,1857,848,757,887,564,857,978,1166,1156,1377,1240,1954,652,665,727,1120
792,990,1978,1138,1449,1326,1871,765,651,882,2000,1189,784,1231,1544,1298,983,1361
938,1232,1993,1563,684,965,873,907,1300,763,1714,808,1924,1868,1365,1118,520,1617
1829,1056,1315,1633,690,1596,529,1318,1641,536,1921,1238,1554,1052,1173,1438,882,503
1548,840,1318,1312,719,777,789,564,1457,559,931,1073,995,1535,1527,1996,1483,1785
959,556,1722,1572,1424,619,603,1772,1159,874,1846,934,1172,594,1030,615,1390,1154
693,1432,700,1519,1584,1513,689,1396,1397,1937,868,532,741,1588,859,1581,513,1592
536,949,1886,1776,773,891,727,1071,959,1583,1040,915,923,548,555,1590,1046,1323
1786,1240,1608,1538,718,1611,1041,727,1331,965,1828,1820,711,907,1240,1971,1692,1870
1413,1689,788,1876,1026,1100,1565,706,670,955,874,1594,1321,1218,670,1432,797,1498
609,1671,1390,1225,541,1624,785,911,1820,1901,862,1925,582,1153,1271,1003,1797,844
1414,652,1773,1000,1932,1368,1366,1321,1176,720,1980,1856,1908,2000,870,729,1752,757
660,1371,1925,1489,1696,1316,1623,770,1190,1483,1836,1999,746,1678,604,691,1454,758
535,1223,587,1038,1981,1201,1211,1467,1452,1929,1050,570,1067,1093,1008,1271,1049,1349
1874,1243,1849,517,1260,1571,885,1207,1321,1565,512,1837,897,656,718,1750,759,1369
640,1952,1319,1422,803,1821,1234,508,1863,675,1479,1821,1764,1175,1167,672,1163,1639
753,575,1149,1313,1520,1810,1269,1984,1585,826,855,1911,810,697,1719,1498,1029,1404
1432,1848,861,542,1299,1609,1064,1296,1122,1794,679,1042,803,1765,1723,1286,1899,1754
841,756,1287,786,1194,1275,1482,1051,1671,1415,793,1624,1041,1233,1747,1304,1046,1686
1219,1340,863,628,1382,1492,875,1462,707,1902,1868,713,1071,860,1668,787,999,1653
761,1268,915,521,1943,1597,1437,557,834,1984,1358,1716,552,1086,1442,1323,1440,1291
1127,889,1866,939,1197,745,1458,1397,801,1416,664,1092,1653,1437,1688,1017,1591,1391
695,1378,796,1217,1870,1910,645,1325,966,520,1411,1727,959,1594,1347,869,1215,602
909,706,1736,1446,696,1741,1698,1142,984,1881,1692,1729,1744,1156,934,618,522,1375
985,1116,1863,857,1055,1658,1820,735,1292,1167,1541,1466,1450,870,1016,1619,1786,530
1042,1974,1499,661,555,1782,1717,1113,843,1011,1322,1202,1868,1286,1471,615,1813,1596
1891,743,790,1569,1757,790,1894,706,1419,1608,1699,1237,1193,1123,1232,1405,1559,1016
1391,1827,505,1883,826,1199,619,632,1626,824,980,751,556,879,1048,856,878,961
1209,748,1815,945,1197,554,1359,1283,668,1829,871,1097,1023,1501,1890,1977,1158,1120
1524,1010,1357,1880,585,1961,1998,881,1694,803,1709,829,1010,1481,937,1074,1440,1382
1029,587,807,1554,1102,1296,688,1196,1756,1281,759,680,1186,644,1351,1220,1295,519
605,845,830,1690,1241,1140,894,845,1786,916,854,945,652,691,722,803,1070,1471
1764,1859,1539,1203,1633,740,1900,1379,514,1894,1312,751,728,1679,1270,1772,1069,733
1773,1195,1520,803,1390,1703,1817,645,1022,1145,1026,1935,1589,882,1071,1492,1737,1198
613,1001,863,1206,701,1441,1770,1494,588,1327,1853,749,913,611,1760,1575,794,1738
1964,1733,608,725,1332,617,771,1131,992,1092,1927,746,925,1488,1360,1481,1653,1896
1133,1176,1872,1204,1338,1009,1254,1568,761,1922,822,610,1127,903,864,772,1360,1815
1406,799,868,1098,686,1026,516,1786,1076,1899,1515,1525,881,759,1257,793,769,1959
1703,1525,1524,1899,1417,1173,1649,1396,1754,1167,1849,960,1673,918,1467,1984,1274,1812
1982,1620,842,1806,1350,972,1544,1488,987,1831,926,1646,1024,785,1103,1938,1076,795
728,1884,846,799,977,1570,1073,743,702,1855,1295,1346,1605,1230,1077,549,1688,1855
1304,1113,715,788,676,1092,1123,1091,765,726,1798,1003,1769,1261,1132,1486,980,1155
1908,1673,1676,1049,1811,1732,1326,762,816,600,1001,1826,1889,1841,1757,1097,675,1560
1787,1588,1992,1823,549,1614,1575,1594,1175,1892,1587,715,1135,1896,1698,1359,1235,1589
743,1151,989,673,1354,1855,1368,1275,1004,1201,1711,532,1035,1369,968,794,1570,1796
1271,930,1898,1481,1079,1270,1361,1128,698,1400,1593,1099,1962,1358,1172,932,726,1258
1102,1636,1803,1434,771,1281,1136,580,1791,1534,1180,874,1104,855,1016,848,1967,1239
1986,1155,943,1368,522,1194,1393,974,1022,976,1875,622,1924,565,550,1874,1862,1950
1666,1742,1478,1586,1463,1093,844,1944,1891,607,727,1803,809,1913,872,1393,1552,695
831,583,1086,1328,1962,727,1850,1183,1009,671,724,1095,1551,980,600,1305,1863,567
1964,1454,1647,1758,963,1734,1116,1556,1310,968,1826,1007,1311,1729,1996,1047,1359,1855
1838,1197,1415,1405,1391,1277,1288,1192,1951,769,705,1011,1952,868,1796,1624,1387,681
1410,1381,1777,1970,1006,1897,1335,673,1945,1069,1875,1784,1519,1859,1398,1536,1368,1544
1539,1766,803,1445,882,1895,1994,684,1485,678,514,1691,1573,537,1858,668,1963,1528
1051,1608,989,918,962,1801,567,1423,1330,514,1952,1012,871,893,1628,1991,596,909
676,1866,1894,722,1541,996,1514,1664,1500,1443,1228,1885,521,1714,1611,624,1326,1278
1481,698,699,555,1469,1872,1663,1613,1556,1315,1117,1595,1334,1788,1055,654,1812,1401
1004,1724,1273,893,669,1182,1504,1619,867,564,656,1068,900,727,1054,1153,1649,1261
1661,679,1991,530,522,1635,1967,1692,1038,1603,1311,1529,1860,1983,806,1748,1568,1972
523,1325,1559,1627,984,1774,504,1409,1713,995,763,1217,912,1227,2000,1206,572,616
535,996,1186,968,1677,1100,1977,620,825,1056,1439,643,1368,629,1345,1654,1044,759
1801,1957,645,1337,1594,894,696,1612,995,1255,1817,1053,826,1231,1801,519,1660,1057
616,1950,500,1881,585,1557,672,1079,1396,680,644,1915,965,1629,660,600,1092,1306
1940,1585,885,741,1905,769,559,1570,760,782,1817,1126,1897,1411,1804,1267,787,1871
701,1358,1569,1322,1303,1420,1603,667,1528,1244,1678,1083,1496,666,761,656,1466,560
1051,1095,1126,1762,692,618,807,751,956,1277,1696,1789,1533,617,1385,1781,1175,1743
1689,531,516,1672,632,900,1146,1033,1043,991,1748,900,1022,641,1426,1795,877,1512
658,1701,1343,1649,1090,1567,824,1219,1337,606,1692,1582,1969,629,1400,1802,803,1311
1586,535,669,1514,576,872,1123,1752,1039,1383,862,1449,921,1788,1407,864,1267,1387
1382,1203,1984,972,1583,515,1726,1519,836,1331,961,1206,1188,1258,1679,1223,1698,1891
1214,1795,1879,1043,926,2000,952,634,1691,1899,1323,952,1047,561,1779,1292,1623,1637
1060,1644,1908,812,1803,791,1754,627,1198,1431,1572,753,1950,1125,1001,1106,1293,1202
635,1035,1350,700,1127,857,596,1979,585,1652,643,614,625,1082,1035,1627,1041,1642
1327,1076,770,1153,513,1762,1490,815,1942,1222,1300,936,1937,1508,835,852,953,1727
1853,604,810,1378,830,755,1521,882,746,1282,1939,808,967,1137,1365,1707,1514,1642
1350,1374,1576,1025,559,520,1121,1858,735,1344,1529,1785,1564,1168,1504,1485,1959,1699
1768,1908,1595,1268,1964,1691,1035,1171,1838,1932,1657,1240,1999,1234,1622,1192,1055,657
1339,1735,1570,1271,1508,1732,1746,1915,1127,759,646,557,1725,1947,1384,1837,1984,706
1946,1137,1283,828,1214,1629,1061,1449,1934,679,868,1676,566,1591,1491,706,1319,647
665,815,658,1566,707,1885,1559,724,1326,1147,1142,502,1011,601,1057,1987,1740,1261
1755,528,574,1829,692,1873,1978,1036,1771,1486,668,1750,1921,1266,1132,820,1459,764
801,886,1548,1625,810,705,1018,1531,841,763,1359,1019,1593,1313,1322,1567,1956,1198
1385,982,510,1641,1819,1789,576,1083,1331,1450,1463,1801,526,1417,1525,649,1802,1181
510,725,1880,1018,1105,829,1768,854,635,1219,695,1965,654,1335,520,995,1081,1481
1632,1815,1381,1684,695,687,1330,1823,1087,1259,1217,1484,1869,553,1570,1626,955,842
1163,910,1160,734,1970,1074,1016,1771,1223,704,1508,1460,516,1985,559,659,1658,1497
509,1794,607,657,592,525,1868,904,1161,1905,1504,630,728,1540,578,1612,1506,1402
548,1272,1604,1566,872,947,1446,750,1893,1562,920,683,1022,1899,1049,1102,689,1606
617,886,1828,1368,1791,1567,1010,534,1531,1083,521,565,1641,1547,652,1412,1002,900
722,536,1713,1931,1867,1734,1330,506,1518,770,1734,718,1592,1476,794,1315,751,1537
935,805,1261,1286,751,567,761,1637,699,1115,1415,1529,918,1803,1612,1790,683,1837
1411,1409,1119,738,1223,1142,1419,1461,1459,660,536,1087,635,1270,926,1043,1922,1801
1095,629,1452,1430,1383,1415,997,1955,1291,1656,1567,1261,1879,1700,1416,745,1766,1521
1806,648,1684,1261,1186,1555,1193,1707,895,1306,1180,1318,1392,1179,1649,1370,1234,570
1671,1044,1328,1587,1640,1604,739,875,816,1622,1384,1669,848,551,1657,998,931,1294
1970,1965,1022,1788,1781,1461,1760,1546,1711,1967,751,585,1351,857,1330,978,1519,1408
1758,1399,785,1250,664,810,1503,1388,1914,782,1135,1167,1939,1121,1634,1740,1111,1548
1975,1701,978,853,1343,1034,544,1375,776,566,944,1508,808,656,825,1792,1369,967
1563,1765,990,1558,1900,884,1746,795,1900,1738,742,793,1743,1480,642,1775,1150,1117
1886,1451,1305,1448,1329,1238,633,1624,1803,1993,611,1903,1441,1936,728,1038,674,1335
1000,919,984,1935,704,727,679,1977,941,1788,1474,1721,1276,926,877,1317,1082,508
1002,1420,1447,1144,1144,1799,1226,1998,887,1704,567,1652,725,671,995,1579,1320,657
1981,801,862,1785,1033,1861,1982,1398,1631,1724,1636,1501,1279,883,1104,1668,812,605
1092,813,503,679,1671,1245,1468,948,1857,1431,1213,1698,679,813,592,1133,616,1872
714,1352,1714,808,1101,1149,1320,1061,1900,1604,989,1247,940,1292,1783,1896,615,1867
942,1836,1552,1192,1873,1236,1660,1568,1139,1725,736,929,860,1048,1325,951,1865,800
1954,673,1359,1228,1031,577,1695,507,1740,1804,946,1012,1249,1660,1981,1431,1994,1850
1348,949,795,1245,904,1516,801,1770,1502,1732,1725,1750,504,1142,1639,1214,1968,501
1215,507,1292,1145,667,567,1764,2000,1225,1483,715,889,1624,1849,1840,927,1620,1245
1654,1327,1487,831,1546,593,1213,717,629,1527,1041,1785,1467,614,1774,1726,1075,821
1222,1375,1659,578,612,581,1784,1616,1156,1332,1622,1913,634,601,1954,867,1223,622
1702,1138,796,1075,770,517,1364,730,1321,1374,757,1621,914,950,723,1881,1896,695
1899,1502,1935,1301,574,1276,1555,1686,1159,1405,836,951,983,1532,787,641,1265,1770
1926,1781,1475,1669,1722,1764,1762,1004,1066,699,916,692,1693,1929,522,618,595,1562
1419,1293,1433,841,1771,1133,1829,924,1292,1717,1298,1133,1183,1245,1008,1863,615,570
849,836,725,1112,1658,1494,1612,1289,1410,788,1368,1999,1721,1406,1158,631,1118,1528
697,1304,1129,1283,770,1684,1510,1496,1913,1439,565,1022,1820,1808,569,610,1058,1316
773,1922,1375,1564,842,1860,668,1115,1017,1409,1332,1231,673,875,1251,1777,1222,1937
1776,1823,1732,988,1202,1820,1029,990,1750,1201,1918,1792,1694,1116,1160,1172,1088,628
569,1904,615,1820,1115,1604,1618,1984,1442,1488,818,1838,1968,858,1385,1849,1121,1898
845,1803,1739,1052,1460,932,1112,1769,1266,1158,1310,780,1175,917,1882,1659,1453,1626
1446,654,1885,1130,790,911,1800,1740,724,1697,1317,1527,1549,1359,647,735,1910,1849
1154,758,1504,916,855,640,946,1904,1260,977,1581,925,1538,1918,1424,878,1175,1187
1864,1102,1313,954,1815,661,1899,1779,567,1692,1539,1522,638,949,1417,1409,1425,908
1706,564,1848,603,794,1667,1485,1183,517,607,1123,1037,1993,1930,808,649,1777,1072
1258,860,1463,663,841,1301,1606,1940,1760,1807,1757,1198,1034,1353,532,1803,750,1839
1431,1212,1604,1521,825,1612,505,1068,748,657,1047,732,1519,961,782,1293,949,1430
892,1285,1195,1583,1102,1075,611,905,1312,901,1855,728,1025,1397,1917,1342,633,1407
621,1893,1267,1259,1271,503,879,606,1837,1368,1409,1932,649,775,1847,756,1225,639
1604,1454,866,1938,1410,1231,730,1374,787,1601,998,1236,1817,525,1029,1642,1326,1462
1382,1137,1398,646,1972,1229,529,1051,1532,672,757,933,1898,1812,1674,1706,1138,1451
982,654,669,1001,1729,1011,983,1816,1023,849,1209,1061,1761,1982,1397,578,924,1292
783,1489,593,925,582,927,1043,948,934,791,1497,1025,1804,1963,1782,1737,1593,1163
1869,776,503,1516,1931,1540,646,664,1946,1334,701,1159,1367,1430,1348,562,635,1866
1455,547,1602,1400,705,593,1260,1166,1210,1189,1829,1266,1819,830,574,1507,742,674
1819,1980,639,1174,1555,1096,1350,622,1037,1107,776,993,1918,879,1520,1150,1601,1568
982,992,1663,790,965,1698,1234,1224,899,1602,1546,1211,1991,820,544,603,969,1876
1593,1953,954,1525,1949,1070,1459,1311,1567,1576,1867,1129,1516,858,930,722,1458,1965
1103,1227,941,1558,658,1315,948,645,1116,1328,975,1899,698,1856,1657,655,1390,924
1791,1366,1823,641,1739,1763,1059,1067,930,1813,1743,998,965,747,979,1949,1127,1392
1024,881,1719,767,1127,1761,1404,1528,689,1793,1544,1871,1739,1135,1627,1961,1888,820
1514,996,1556,1480,1348,516,1151,1291,600,1874,1605,1323,1494,667,1827,945,1380,775
1631,921,527,738,1001,1926,1697,1347,1709,1787,968,1812,620,1978,1269,517,1665,1988
834,1381,1814,1175,1347,1122,996,789,1516,1920,1566,1691,1936,869,1472,1926,714,1017
996,955,1455,606,1793,1000,554,1686,822,746,1293,1923,940,1036,745,1738,676,1310
1570,1967,1036,1368,1892,688,1447,622,1737,1832,628,1023,533,1153,1396,1703,949,756
802,1619,1988,1374,1557,1380,1078,1483,924,1722,795,1068,1128,969,1787,1048,1838,1090
754,723,775,1554,559,1951,1626,861,840,878,1742,1517,594,1016,1333,1592,1204,1702
1396,1916,743,705,1581,1338,1993,1186,1688,1616,1405,1988,1460,1409,835,1165,706,1960
1675,1697,883,1150,749,950,899,1896,1330,710,1688,1737,1218,1477,815,1015,631,1049
1800,1467,654,1514,1326,1672,1101,1651,713,1796,680,746,1712,1280,1509,753,1914,645
1938,1843,735,1564,1687,696,759,912,624,1779,1892,1960,1332,1812,921,1816,1620,1794
1394,850,1854,650,889,929,1000,1997,1065,619,1641,888,771,1496,1722,1606,1895,1065
928,1181,1595,926,1983,1831,1619,1050,742,1245,1754,1797,1169,614,1028,1991,1959,1216
690,1466,1691,1791,912,761,1342,1309,1624,1067,1024,681,504,1750,1067,1978,791,1625
1708,719,1873,1039,1606,948,815,746,1654,1308,738,600,1028,1947,576,544,621,809
1214,1075,1109,638,740,1932,1618,1145,540,1154,1062,1640,1968,856,787,966,1696,1508
1526,1242,1433,1991,946,1480,563,1370,1315,1416,948,603,1583,1128,1676,858,1865,1724
533,703,553,916,1709,637,642,794,1109,899,956,733,1610,677,1678,1123,1006,1727
541,1065,1150,918,1277,1416,1716,1052,1187,1475,1806,1874,578,752,1662,716,1766,1546
1145,1940,1819,1001,1251,658,573,989,1828,1782,1817,1785,577,1910,1861,1110,1821,832
579,1212,1895,794,1478,604,1991,708,1765,1112,1112,1332,1967,1198,1693,893,1914,667
670,1860,1667,1332,1547,1413,918,1173,1781,917,1979,1761,1817,1707,915,1747,1079,1595
1238,875,560,1409,1043,1679,1992,917,799,1330,1058,1106,1723,1481,1986,1859,1562,1590
587,1689,1387,739,1101,1251,1294,781,738,876,1523,777,1784,995,815,525,1952,1144
1805,1725,1904,1046,842,675,1824,1271,1208,957,1906,1569,1761,1551,1860,1718,688,1377
1403,932,923,1960,1610,1731,624,990,1925,953,1260,831,1108,1947,1721,1395,1713,736
1955,1467,1013,1903,1334,1029,1821,908,1453,1009,623,744,1356,1648,1858,1410,1022,819
1392,1162,1435,1606,1735,1677,1719,784,1644,548,1808,1221,927,1112,859,1560,886,1907
923,712,570,1905,827,1291,1264,1813,1443,1314,996,1816,741,907,703,1204,1148,1422
1495,833,1111,1297,1557,517,544,811,1829,975,1577,610,1457,1855,572,1885,1830,1700
1723,1825,1160,1556,1717,1424,1495,961,1924,685,1904,1159,564,1547,629,1576,1337,805
1437,1796,1296,1230,1171,1744,968,1148,878,590,654,940,838,1829,1942,836,1034,1597
699,1945,1606,1104,1420,1060,1179,1585,1361,1057,1718,1262,502,1357,659,1097,547,1617
1296,722,524,808,569,1651,1018,1544,1847,916,1276,1136,995,1398,1035,1866,675,1455
704,1921,1675,1436,1430,1419,1815,1665,1669,1787,1994,1306,1590,1962,602,626,1311,1987
953,814,1579,1712,1277,1602,1465,1063,918,1054,595,1698,778,1527,1569,974,522,944
1822,918,1894,839,1081,1684,990,571,554,1579,1877,1298,1762,1825,1635,1411,1716,1347
1268,1322,550,1391,1434,1442,1251,545,879,1553,1959,816,588,976,1061,1715,1180,1726
1741,1848,1705,648,1602,544,1712,1666,543,1979,1847,707,1496,1860,1170,1791,1190,1295
1978,574,1972,1355,1067,881,1032,819,776,1794,879,861,1013,1790,503,1997,1553,965
507,1846,1672,1202,1931,1300,1746,998,1990,1173,575,1083,745,1959,1910,559,1458,846
1455,624,1775,1405,1844,1519,1603,1998,1697,864,1055,1680,696,584,768,1691,1285,1572
1741,1079,541,740,516,1308,615,1975,791,864,1479,1716,1835,1717,1128,1438,1650,1086
1557,954,1754,1872,611,1018,548,1328,957,1983,1019,547,1826,542,1959,1741,1388,1834
843,1553,1765,1141,1213,533,876,1584,1165,1438,1554,1036,1006,765,1558,893,1231,991
1763,1108,1247,1698,1115,1149,1377,1861,984,1948,1200,812,1758,1559,848,904,1285,1542
1577,1957,609,1931,614,1947,1592,1429,1201,1063,547,1122,1635,983,1956,1088,675,1248
1177,780,957,1603,946,862,1594,1386,1079,912,710,1542,1118,1963,1747,500,1710,1562
567,1415,1251,1304,936,1932,1057,1410,525,1646,922,607,1541,843,1254,1881,1076,1704
1325,1579,1049,1878,1666,1839,1911,1854,1177,1265,1120,1092,1428,1134,1081,659,651,1416
776,1100,1042,1890,1130,1822,1942,1245,1571,1204,1548,794,1853,1342,752,1914,1736,581
541,752,1902,1717,1816,1235,1729,932,558,700,1327,1222,1055,805,695,1538,1549,1661
1781,795,1983,1099,1741,1390,1891,799,718,1208,1945,1316,1958,734,1632,1019,962,1049
1622,573,1658,1849,785,1047,762,889,1513,1110,1011,1545,750,1177,1440,1565,1513,1199
1954,984,510,1000,502,1563,1008,1619,915,1114,1156,827,1811,1062,1513,523,674,923
603,1206,1668,1490,1310,1140,1761,1033,1394,785,1704,1308,582,796,1557,1100,1230,1706
716,889,1561,1178,681,1732,1250,1005,1518,679,542,1457,1105,1004,799,676,580,1069
737,955,1346,934,785,895,709,1125,789,958,1574,1135,1935,1360,938,1587,529,585
800,1991,1447,1063,1390,711,1348,1007,909,1519,1594,1588,556,1669,1156,1984,1145,1735
1807,1253,580,1694,1702,853,1422,1541,591,646,1054,747,1330,1238,1178,1915,1449,1124
974,933,1030,576,1092,928,816,1414,1752,1665,654,1166,620,1387,1838,1043,571,526
1066,1719,893,892,1869,1878,866,1156,1203,1262,1468,1177,1760,1875,598,731,1622,855
546,869,1884,1325,1690,1870,923,1385,644,1241,892,1153,1733,1492,725,1917,657,1819
1090,1860,1123,688,1775,752,1199,788,1175,1983,1539,1962,1387,1717,1545,783,658,1661
1183,572,1726,781,1248,1957,1192,1810,714,1997,788,1182,1900,1526,1334,1467,875,527
1055,1636,660,559,1414,1580,793,1737,1805,1234,1589,1439,1687,1986,1313,893,1719,1184
660,872,991,1312,1993,661,585,1398,593,1332,543,1282,1531,1371,1733,1234,1264,1091
1803,1706,1189,736,1390,1923,813,1805,1354,872,1108,1881,746,1055,1870,1766,727,1620
1931,1420,1396,1701,1668,1212,796,842,1207,998,1238,989,936,728,1226,1235,1743,675
1844,1838,743,1090,1081,590,1476,1646,1799,654,1942,1027,521,1947,719,1893,979,1107
1081,1465,913,1529,1640,1805,879,742,1426,577,1233,1515,1420,1599,1922,536,796,1631
1013,816,1077,1018,1454,1946,1346,533,1259,1516,1259,891,1962,1408,776,575,1395,1385
1067,1411,1805,699,1959,1051,1131,1810,1000,1974,1345,1148,1513,1762,1518,1926,759,1088
1903,1728,1302,1977,658,1220,1273,542,1833,1833,569,1893,871,1935,1522,1090,1640,566
1360,1315,870,1699,673,1655,1464,1837,1119,1551,1649,886,1444,1717,1661,1443,1357,1071
1069,1792,1531,1050,1248,1857,1751,1422,1448,1313,767,1848,1428,800,996,1748,863,857
1872,1674,1004,1165,899,1967,1546,1975,1775,1612,1354,800,1329,604,1600,1849,1310,1981
1814,1362,557,1550,1098,1261,1237,637,1195,1215,1829,920,869,1295,1253,1379,532,1166
583,807,1167,1973,1362,1449,1002,694,615,1922,1018,1362,1392,1884,730,1403,1185,1375
1373,1711,777,1735,878,890,590,1019,693,1477,1365,1184,1759,1429,841,1250,1727,686
762,1618,1026,1362,634,1031,873,904,1344,803,1956,1991,857,1619,900,1148,1695,1297
1340,915,675,1223,1147,662,959,1545,1894,555,1781,1825,1459,816,807,980,1955,929
615,1921,1853,834,1636,1822,754,865,1130,1079,1049,634,1540,1646,822,765,1078,1001
1279,1967,960,1835,1580,1154,714,1070,522,1931,1746,1891,1110,1464,875,619,618,1343
1389,1578,866,583,1076,1315,718,748,1853,1260,817,1286,1644,1533,568,1988,574,1853
1012,698,1794,719,1504,589,561,1884,1537,992,1704,1676,615,1632,841,978,970,1667
1668,566,1751,701,1757,853,1784,819,1228,1187,1591,1979,1862,1645,1747,1372,1250,1011
814,1071,732,926,1622,1603,1359,797,781,980,1704,1177,1119,1009,882,1290,1118,1851
626,784,1383,1242,1444,599,782,1321,1386,1394,1152,922,1692,626,1375,779,851,1761
929,1319,626,1213,1076,1042,1193,1715,1680,1636,1721,1586,1179,800,1745,1864,1508,918
876,890,1770,630,609,1597,884,973,881,1958,1644,1862,1248,1671,1901,1216,1570,1416
1782,1092,1019,1299,1832,999,1321,953,1746,1921,1514,953,1688,1448,1713,1374,974,1124
1476,857,777,617,626,1060,1786,1505,1669,1488,1841,1398,881,1541,551,1590,1299,571
1062,680,518,1653,1674,816,819,1098,922,850,1648,789,1400,1912,1512,789,1223,1602
1805,623,1965,553,1449,1924,614,1521,1734,516,728,1908,1779,1672,815,1017,959,929
564,564,1096,1876,602,879,714,1717,1321,948,1627,1681,694,706,520,679,993,702
676,1362,1947,967,539,1902,933,557,1195,928,716,1235,1003,1854,783,1586,594,1186
1559,553,727,1384,608,1302,1906,1150,1451,1549,748,1230,601,1123,698,1116,1724,1268
1022,1031,1421,908,957,961,1695,1646,838,1884,587,794,1456,678,632,987,1749,1689
1009,529,1087,1594,692,504,1157,653,1397,1421,636,992,813,673,988,1156,676,546
1573,648,593,1609,641,1628,1593,1035,1577,911,1620,1532,1733,631,1961,796,1056,700
772,1333,1920,1776,1980,1074,671,1688,605,1670,1439,1027,1107,1911,629,905,1327,612
1467,1921,1247,1792,1558,1900,1588,1724,1637,568,1906,1631,1783,936,551,1755,839,713
689,1366,513,1354,750,1739,720,682,1436,872,1075,792,1060,1226,561,1365,974,1928
1201,1021,1952,1042,896,1891,1515,1379,1907,748,838,1447,972,1353,1758,1040,1291,1166
1854,1941,784,674,1363,1569,1333,1972,1701,1377,1951,1921,945,928,507,815,1181,542
1162,1448,1920,988,512,568,1094,1988,1787,1948,1468,1246,1073,1906,1934,1578,1044,510
1984,941,1657,1191,1665,1255,1397,630,814,1333,1636,733,1836,1779,867,523,524,1008
1186,1315,1095,1774,1263,1668,1154,1960,1234,1134,1451,1157,1261,1669,737,1071,1901,1034
1022,1591,1780,1719,784,1668,1461,1962,1260,1182,745,935,1561,1146,1541,1825,673,1998
1970,1189,1347,1084,1053,1989,1841,861,1064,826,1694,662,1133,1767,1761,704,736,904
1316,1084,1543,1341,678,1491,610,813,719,1544,1222,1727,894,1175,1497,1002,967,800
1857,1315,1019,1323,1354,1177,1426,1346,1686,945,716,1280,584,1454,1064,873,1698,589
1514,752,1587,1497,1255,884,1820,1181,1272,1569,1305,1989,862,1977,879,1079,1650,1149
1420,1357,1474,903,1203,816,1720,806,1818,604,1593,1755,1075,1573,1280,1414,1707,841
1002,615,806,1672,1340,931,1754,990,670,865,1971,859,958,633,897,1493,1375,1452
691,1049,1517,991,1173,596,1451,1774,1640,1768,1278,1341,693,1370,1067,771,1591,693
1750,1888,1119,1356,1135,1744,646,1970,972,1985,922,1436,1914,1248,1490,1788,954,1470
868,577,1298,951,555,1303,1401,1977,927,1477,1829,1666,736,1306,684,1289,1374,1771
1632,1916,1094,1306,685,903,606,1539,1619,554,1412,1613,1047,1879,1105,761,831,890
1364,1055,1562,893,950,1389,666,1549,1444,700,973,1854,1448,1575,1751,1884,744,864
603,530,526,820,1983,538,1024,603,1885,1694,779,978,637,1404,1108,1385,979,1566
1499,949,687,756,1882,1141,613,1362,569,858,1936,755,910,1683,950,1501,695,1631
1386,1103,1692,992,1602,1611,1463,1100,1339,1465,1997,1239,674,633,1133,1375,1167,1939
813,752,1143,1726,1234,1543,1525,1645,1406,1000,1934,1372,1203,1100,1337,1104,1210,1195
1030,1638,676,1605,549,721,814,1716,710,1879,1615,1552,799,1177,1043,597,1339,516
1251,1329,1604,704,1352,669,1476,1621,1950,1790,1940,1521,1040,1586,1492,1219,783,737
838,1720,535,507,846,981,1956,1144,1841,1094,1704,1825,1960,1475,1558,1911,768,1395
723,1570,903,714,1256,783,722,970,1514,1438,1244,1504,1103,953,975,1914,2000,679
505,650,835,1387,1018,689,1368,912,1738,1042,1909,1665,1836,1077,926,710,1588,628
1099,951,1457,1308,1340,673,641,1493,1306,1207,947,1355,970,1711,1386,516,1421,838
1241,1204,995,1374,998,1509,1025,791,1653,1721,1067,947,1254,1974,865,1811,1544,1977
746,1621,736,851,1194,1450,1436,1004,1220,1088,1706,1633,803,1523,1885,1444,892,779
863,1388,695,1134,713,1445,1472,1427,1355,1434,941,1337,1069,786,676,1811,1797,1615
1936,899,1612,732,1645,1238,1863,835,1706,1500,1489,1213,1138,1938,1255,1511,1452,1919
1153,979,1711,553,532,1658,1054,1394,1477,1989,1014,721,1418,1545,1568,1553,1303,1943
1692,795,572,1762,1343,1240,1020,658,1870,1295,1646,968,1740,1640,1246,1439,1348,1139
1953,874,1837,549,1636,698,993,1262,1533,611,936,1004,1837,819,924,583,1202,1816
986,1099,1836,1387,1839,1432,1979,1807,912,1112,1815,1506,1966,981,1863,1118,1975,620
859,1839,1176,679,554,907,1063,615,1187,1305,583,1162,1934,763,1614,1507,583,1710
1020,672,515,1325,1851,1242,1529,1150,877,1985,1588,1483,1956,990,864,854,766,1354
584,526,1159,1885,656,1297,517,1016,1622,1430,1187,559,1448,1845,760,1468,1847,1248
1348,1464,1409,840,1772,529,1444,1304,1902,1738,710,1828,1913,1612,1950,1271,539,573
782,1471,1790,915,583,1760,607,1984,1684,953,1314,774,843,688,802,631,1602,1269
1826,1695,1712,736,1214,628,1319,1271,1169,1256,568,1461,735,1196,511,1133,1488,1202
1495,697,1113,1986,1398,1034,1354,904,555,1311,879,1530,1904,1552,941,1884,956,1315
576,972,982,518,1122,1952,1396,798,503,1473,1290,1857,861,1756,1765,1520,863,1827
1006,726,1419,857,1864,1688,1382,1494,790,1369,1115,1787,1886,1119,1375,1946,1444,1318
1252,1785,1353,1059,609,523,1053,581,646,1919,908,737,776,615,755,1153,1633,681
1517,887,648,1607,1362,1570,824,1799,1606,1109,1361,895,525,1161,1818,1084,1824,1300
1034,1870,1953,1487,1357,866,1650,652,663,1037,1534,1746,751,1623,1497,1390,1251,666
1649,671,690,750,1436,1704,1197,1974,574,1547,1529,1107,1583,908,899,1073,1535,1806
666,716,1653,1139,1065,1962,1030,1844,1546,1565,1459,1552,626,1996,1872,565,879,1917
1711,1425,1928,1388,1197,1983,1140,681,1780,1630,1295,1140,1669,1919,1573,1645,1649,964
1862,717,841,1727,2000,511,768,1506,1668,1518,1510,581,1812,645,1197,1021,1188,517
593,655,1458,1787,965,1419,1802,1530,747,830,1078,750,650,1752,1762,629,734,841
1283,1078,1511,1556,1165,1335,1308,1823,804,568,1847,1333,1196,1061,1312,1180,1032,1169
1439,1183,1712,1019,1883,957,1576,970,760,1033,1639,1829,1923,751,1058,1770,1852,522
1633,1368,1879,1563,898,978,992,921,1995,1245,1936,564,1456,1599,1005,1343,1089,1065
1361,795,1272,1973,1522,1229,1585,946,710,1035,1123,1886,1171,1313,1304,1907,731,1979
1380,1596,1472,887,1815,1191,1204,1404,597,1953,1269,1944,1636,771,2000,1443,538,1695
1112,1798,1318,1601,803,585,613,653,1057,1747,1919,1103,1665,1544,1030,674,1111,969
1469,951,509,778,1984,1166,946,1728,1562,1525,1143,716,997,700,1074,1434,1150,1961
1997,503,1827,1684,1995,1775,1979,1780,681,1729,963,1501,1216,987,937,1382,1286,1009
1216,1544,1640,1505,1058,1644,1103,1618,1776,1537,1284,1966,1869,1708,861,747,867,924
730,1707,1229,910,1951,1568,1181,1757,1965,1365,982,1179,1321,692,693,993,1453,1840
1929,1273,1836,764,1107,1835,1818,1664,706,724,1722,1939,703,888,1368,1073,737,1431
522,734,1769,605,1201,924,1299,1239,511,1728,1269,1059,1720,928,754,1464,582,656
1392,1832,770,1959,873,1338,1293,1171,1962,888,1588,648,962,585,921,943,1954,1725
795,1012,1269,645,859,1048,1232,1632,1688,891,1349,668,1889,771,754,744,538,1141
1103,1675,1100,1964,725,1034,677,1808,1087,1370,795,1980,1991,978,1384,614,1790,1005
1627,1491,1470,900,813,810,1991,1868,870,579,1713,1925,1189,874,1387,894,1181,1188
777,1419,723,1151,1618,825,847,1759,890,1873,501,1974,1287,599,931,592,1387,1660
564,1743,1281,1747,898,1566,1697,528,790,1339,658,684,1791,908,697,881,555,708
1542,1346,979,1930,634,931,792,1565,825,1170,1893,1202,1628,1936,1437,929,1880,673
1638,521,1621,1189,1653,1605,1174,1939,1201,580,1559,1930,844,1974,585,1762,1973,1859
1396,1344,1901,1121,704,1652,1884,1281,1144,1082,1378,965,1374,999,757,1374,1250,1213
1495,895,859,1995,1716,1642,1488,1038,636,1054,1726,1169,1210,1574,1465,1397,543,1623
1828,1859,963,752,1087,1736,1927,622,1247,640,1993,1611,1014,1100,1644,1294,1752,1177
628,1535,1437,616,1099,1577,1397,525,1902,719,930,1798,656,1589,1466,782,940,1402
1982,1740,1503,1008,1934,1663,1431,1220,1998,671,1909,798,688,1141,1450,1728,1923,1483
1258,802,992,1127,1574,1951,1810,1304,615,1099,888,1904,1806,1306,1053,1936,1807,1266
1083,726,1406,1209,1490,1611,787,1305,1660,1878,1604,1813,956,1467,1826,1340,1364,939
1374,1401,596,709,1275,1624,735,1701,617,1568,1718,592,635,1572,509,1657,1067,672
1948,521,1645,1532,549,1621,1885,1193,1851,1784,1423,1627,1807,741,1769,1976,656,1484
511,1761,1628,554,1752,1419,857,1663,622,1653,1024,1142,1849,1787,873,1582,1775,1076
737,1538,531,1921,1359,1912,1926,1786,1820,1346,1257,953,1253,1697,1454,1430,927,1680
1861,1993,1324,1579,1855,1416,1888,745,887,1796,1293,792,858,1341,701,874,1356,620
1442,1020,1669,621,1093,1765,868,1548,1246,1979,1307,730,1932,1448,1122,578,872,949
1937,1660,688,1487,1315,1016,1893,1633,675,1662,1005,1865,869,681,1501,1979,1947,1395
1881,1350,1729,1302,715,1829,1126,1085,1592,761,1929,1117,1468,1450,1935,1300,753,637
572,1838,1499,1437,1787,741,1470,888,1876,1320,1386,999,620,711,801,1877,536,860
703,1206,1629,1590,584,1096,1445,1978,1224,1124,1467,841,1568,1932,1472,1986,1558,888
1956,1569,536,1357,1031,1001,1453,1904,769,963,1990,1013,670,1075,1182,2000,1892,1864
1494,1116,625,1670,1640,1582,1175,704,826,1144,673,1198,1889,1076,1879,1771,805,1413
1274,715,1844,1441,735,1141,1847,1073,702,845,1148,1223,1578,544,880,917,648,1772
1107,1862,1054,885,545,1683,1557,1356,778,1848,1666,1101,1314,1137,1788,1113,502,1239
1232,643,1352,1962,1696,535,1599,1564,595,1408,1870,1186,1662,1890,1575,1819,1801,1579
1606,986,1223,703,1065,1619,534,884,1979,608,1675,1255,1618,576,1319,1626,1968,1893
1618,995,1261,549,1256,1511,1658,1292,1852,907,1750,675,862,1722,683,539,783,1194
1426,671,536,668,808,1121,642,1334,1837,1546,1839,946,1301,641,805,631,1921,1233
1851,594,1088,503,1051,1172,1857,1677,675,991,1644,1876,1956,1334,1509,1145,626,779
1123,723,1701,1463,707,1010,1724,1211,2000,545,1493,1906,1338,801,891,734,1778,2000
715,845,1875,846,1919,1325,1275,727,1705,678,1466,1344,1613,902,1269,958,1576,927
566,1625,619,621,820,1070,1417,1152,706,1279,1765,1992,1330,1989,1841,750,773,990
998,701,1090,1202,788,1658,870,1237,1880,1002,831,1681,1892,966,1971,750,1834,663
633,1570,1757,772,537,562,1014,1558,1625,1375,829,1118,884,1624,889,664,1064,500
589,1802,609,1738,1994,1397,679,1967,1997,983,927,1192,601,1436,1360,650,980,1526
1229,902,1098,1794,1201,1226,1398,711,801,535,1504,1220,1726,628,599,816,1663,1582
1565,1417,964,1215,966,1518,1346,998,980,503,504,1791,1063,1984,1499,1507,1154,741
609,1247,1573,1434,1741,1089,1089,955,1276,557,1005,1593,1798,1346,1520,1554,967,1001
892,1789,1225,1588,1249,1124,877,777,512,552,1161,699,955,554,1639,574,1868,1837
640,1310,1505,503,1875,1208,1468,1186,1826,1609,1786,1646,958,1380,1002,1153,1144,984
1166,1991,558,590,1286,507,1518,1602,1654,1004,1760,869,652,527,800,717,1674,1021
1117,1677,1589,1092,998,1046,922,1476,767,1807,649,921,1111,1490,892,549,1598,1280
823,1460,1739,1843,1792,646,998,1854,629,1492,1402,1200,1441,716,518,1902,594,1237
597,1427,1876,1140,1138,1055,660,523,1710,711,1190,862,1088,1451,656,1486,1980,1535
1027,1129,1830,1732,1450,1769,1693,1060,1869,1490,1306,1987,997,1017,816,958,1159,1092
1850,1722,1825,890,1477,1925,668,1030,1990,1016,1164,1621,1243,1762,1367,636,1549,1820
1713,1328,603,1117,606,582,1686,1502,596,1951,1047,1163,1352,1483,1868,1916,1440,1440
927,1288,1914,1479,1916,1390,1484,1984,1474,1866,1151,1955,1144,762,1853,1090,1849,886
624,1932,774,1134,1233,933,1037,508,1220,1440,1847,643,1397,786,869,1784,1347,1151
1643,1495,691,1387,1473,766,1699,1233,1384,1563,597,1441,517,1949,1017,1469,1044,812
1911,1058,680,1869,1350,1457,1939,1480,866,1557,937,768,1585,1727,683,1583,1415,1689
1657,1251,1655,1862,1921,1029,1687,793,826,1481,1864,1660,1195,1283,1861,1811,1177,1179
1807,800,1714,1597,1120,1794,934,1266,1243,937,1552,982,872,1318,1079,1278,1495,653
1437,1403,890,1974,1699,1110,624,1578,1962,1561,1628,1067,1402,1740,1972,1492,1425,1064
1023,1644,1159,803,1149,1571,1032,685,948,1129,633,623,1966,1464,1858,1292,1938,1893
1397,1966,1110,1818,1660,716,1164,1598,615,1875,1838,1830,1562,845,689,557,1191,1368
1680,1900,613,614,1889,1227,1985,932,1998,1892,1788,1664,1837,1750,709,1315,1123,1114
1920,1537,1051,691,863,639,1248,1209,1986,1549,1841,564,1654,582,1939,723,1965,1481
1894,1992,672,826,1652,1772,1216,1307,1870,1430,720,559,1955,825,860,1912,1766,940
1829,1141,1154,1034,1691,1128,673,542,1301,725,1496,1068,1945,510,1515,527,842,1967
1004,984,1386,1125,1609,990,1484,715,1820,553,929,1914,1707,1842,1201,766,1840,1441
745,1052,668,1193,1716,1294,1353,834,1981,567,1754,1655,1484,1003,1353,730,1215,1987
1376,1880,1368,960,819,1539,1443,1251,1256,698,1480,1940,1675,1750,519,826,818,1912
1698,528,1943,1096,970,1212,1141,1972,1778,1382,687,927,643,959,650,544,796,1004
1569,1865,1372,1833,1795,1433,1161,1518,1974,1011,918,713,1345,683,867,1028,1818,1361
576,596,1794,1896,1357,1558,777,689,1941,1727,1395,606,1795,1104,1517,1124,1467,1639
934,1197,780,1602,1546,1826,1962,1905,1465,1313,1558,1864,666,518,1362,681,1882,1967
1534,532,1678,950,1034,1375,1812,758,851,1722,1134,1085,984,612,774,1766,1205,868
931,1790,1049,1608,1852,1950,1148,1756,1729,1998,592,1551,1487,1644,1671,1700,734,1801
1686,1976,1901,1641,916,1342,910,1161,1734,807,515,508,1655,576,705,1727,703,997
1932,1727,1951,1241,1847,1071,1960,658,1828,583,1037,1407,1040,980,1981,1630,1253,1326
1007,672,1628,1192,542,1479,1703,1123,1546,808,764,691,1532,1886,660,1362,1696,1654
535,1042,1784,533,636,631,875,1086,630,1545,1407,1043,1810,997,586,714,916,554
522,1805,764,1226,594,1227,705,1438,848,1625,1931,1805,1221,536,1460,764,1892,740
1966,745,1970,1819,854,1853,1233,1045,967,1811,1116,1388,1527,980,1279,1303,1802,1065
1780,1890,1346,1885,1144,844,820,1741,912,1066,701,1557,526,1133,546,1267,931,1776
1097,881,1407,988,1967,1209,1197,668,619,1825,899,600,868,1413,1771,1456,1407,792
727,1424,1964,1669,1654,1942,862,542,1574,781,989,1164,1520,1531,1203,1005,529,717
1789,701,626,1771,1820,1993,866,1629,771,1297,1961,686,1959,850,1057,1462,1142,1234
707,1093,1964,522,1917,1164,1657,742,965,1864,1620,629,1568,1332,1206,997,1972,828
888,1513,1183,1260,648,1227,1068,732,1948,1324,1574,1650,934,1503,1166,1241,707,1860
529,1968,937,893,969,635,515,1137,1288,1301,1437,619,952,1994,1085,944,1633,1933
681,1588,1283,708,1704,1188,1998,1095,1802,1423,1574,809,1805,1984,928,1058,675,912
577,1645,1479,720,1029,1278,1262,767,767,1104,911,1175,1524,1397,667,1595,587,1087
1623,1526,1630,1892,988,862,607,1312,1418,780,1590,1772,862,600,1888,1234,1013,1374
1666,1278,1509,1286,1831,1331,666,888,867,1697,879,1576,1628,1110,1384,1277,1626,940
1791,1944,1586,522,1698,1444,1541,1319,1378,1589,855,1082,584,1014,613,962,1134,1778
1529,1078,866,1975,1733,1579,653,1573,1184,1745,1289,1628,1841,1743,592,1675,632,702
1771,579,541,969,1746,1237,582,1837,874,1782,1842,629,1407,1237,662,652,599,1145
1523,1612,746,1706,1244,725,1893,1775,875,1492,1967,1827,1114,1994,879,1051,700,1418
1199,936,964,990,1818,899,1645,1189,1227,1974,1666,933,615,828,1334,1447,1109,658
542,1822,1660,1803,634,1902,1766,1765,803,726,1989,966,1341,1861,1073,516,1388,973
761,637,1356,1907,1321,1417,1062,1432,1086,1015,625,1334,1916,660,1207,1630,1863,898
882,1486,787,1371,991,1065,1273,1694,1705,556,1089,1437,1588,601,655,628,523,1006
592,1675,1064,648,1843,1884,1072,1887,610,677,793,1060,1975,1764,1814,814,1322,1503
914,590,1601,1507,579,760,596,540,1334,1568,1727,1736,1301,1083,865,564,1282,1303
1553,1741,1187,1904,1799,1746,930,758,941,1466,991,1252,1532,1205,870,1214,820,1067
1245,1653,1226,1076,961,674,1432,639,1679,525,1418,619,695,1488,1356,731,1015,1411
1567,1001,659,717,1194,1323,684,1403,768,877,720,1137,1057,512,1779,1387,743,819
1028,1159,1868,882,1994,1095,632,1738,1339,1810,783,1932,1542,1002,1499,1578,1982,1651
1634,1448,1352,782,917,501,1758,1836,1760,1778,1709,1109,807,1878,1994,1544,1477,1227
1733,1352,654,1371,598,762,883,891,1204,1880,1384,1933,1868,957,1269,974,1646,1940
1141,1124,975,531,1376,670,1565,1250,1490,1553,1650,1467,1510,1219,828,506,1913,1404
1272,727,554,1590,725,771,759,1965,1930,692,1250,1558,1298,1025,1974,1019,1839,667
1852,1015,1926,1768,752,1971,974,1960,1342,1870,1832,1268,937,1059,1299,1571,505,1168
942,1689,999,1189,1201,1371,1826,1329,722,985,622,1021,1504,1973,1010,1252,1065,1924
874,758,1824,1060,1805,1474,1505,503,989,598,659,1722,1633,1165,1088,847,638,948
1141,1953,1014,1232,553,1547,1228,1095,1124,501,717,684,775,1172,966,1416,556,1197
1722,1847,1234,528,1851,1383,906,1177,587,553,653,881,1362,1919,1598,965,714,612
1777,1549,765,1556,510,1373,656,1547,1942,1288,1343,1729,1368,749,583,590,1272,597
1581,1133,537,1034,1541,681,1953,1429,1168,766,1584,978,1466,1324,1288,1615,1590,1586
1769,1470,1881,539,1248,1328,845,1717,1837,958,862,1022,1256,1546,1656,843,655,1822
1512,1972,801,1864,1754,1095,1774,881,1737,1557,633,968,589,1624,1533,1975,1725,744
1123,1033,1075,1073,1897,1121,1939,1972,1823,1255,1531,1851,1875,1572,1459,1301,1660,1262
1397,1404,1836,870,560,1580,1688,548,1962,629,1319,1348,1577,950,1056,948,534,1018
1708,1575,886,1977,1779,1537,1174,810,815,1654,1535,654,1807,729,945,1933,1585,1022
935,1959,648,925,1464,1977,926,732,1013,1967,760,1412,994,1236,1053,999,954,1992
1663,1852,518,1833,643,1468,539,739,633,1246,1432,868,1740,1967,1372,998,1254,1612
854,1371,1053,882,1330,980,770,1319,1591,1099,754,699,1728,931,1052,1212,1337,1617
1477,1993,1194,520,952,1536,1568,1972,640,1631,1773,588,1259,1264,1930,1340,686,1306
796,1656,1850,925,1275,1270,1426,1788,659,1160,1659,1300,1636,1592,843,633,1112,805
843,861,1899,1102,1227,1368,1842,624,1588,1906,1700,1485,555,1003,1396,599,1367,1753
620,889,1066,1848,1504,1026,1821,1020,763,569,1254,627,1350,645,1360,1211,1522,696
565,846,1841,1863,860,1899,1486,1986,1547,1812,606,1346,1158,1724,1057,1204,1704,846
1783,1090,508,1466,1504,1206,1234,1770,1845,1234,1742,1314,1366,803,1236,1319,667,1985
865,653,867,985,598,1454,1317,1872,1684,957,627,1730,1355,771,1797,1172,1059,1586
1372,1940,1674,1651,974,1675,1334,685,1912,1706,573,771,1106,1375,913,666,1270,1827
1131,1208,1655,1905,1603,800,1621,1966,788,793,1309,707,1997,572,1107,1171,681,720
1674,1856,1630,1719,754,1761,731,742,678,765,986,670,977,944,1965,1460,859,755
1859,1415,1358,554,703,795,815,589,1230,1794,922,850,1081,1944,1669,1781,1601,1153
1745,1193,1054,1441,1865,937,737,1327,946,1157,1888,1876,693,599,1440,1902,1819,1213
1603,969,635,1756,1564,1594,927,1415,527,1831,1517,1964,806,1822,1020,914,923,1294
1850,1609,976,1957,515,1918,1212,555,580,1341,1455,1093,735,1531,975,1326,1727,1268
1237,1846,822,1589,1931,1709,957,1890,939,1048,1513,506,1708,1501,972,691,1159,1618
1001,558,672,534,829,1489,820,1128,1343,1792,562,1451,1920,882,1727,1722,914,1331
516,1453,1638,1416,1019,1198,1135,595,523,1570,1956,955,1606,1640,1372,1590,1110,817
1783,682,1120,1676,1280,1803,524,1845,1181,698,1864,761,626,822,568,1480,1967,888
1567,1434,1397,1841,1016,731,811,703,529,1771,962,846,1758,1953,1171,959,1908,1818
1553,770,959,755,1991,1818,1191,1400,1959,1935,927,1123,1563,569,1892,1100,765,1358
1248,504,1010,1453,785,730,1970,1753,1507,1844,1580,1346,941,1348,672,771,1705,1686
1535,1595,1198,1224,1194,1747,1937,1300,673,783,1634,1361,1864,1551,1359,1915,1212,1941
1975,907,1519,1064,1689,756,760,1552,1836,768,1208,1672,1964,1420,1122,1850,716,1125
580,1529,1245,1632,1943,1443,1982,1527,1218,750,1273,1364,1250,1932,1458,572,509,901
975,1128,1088,767,1998,573,1940,1557,1088,1446,652,1708,1605,510,649,910,1081,619
1531,1098,1689,1614,788,1319,800,891,1426,1784,969,1630,1987,1523,626,995,902,850
1796,1606,921,1963,1209,1677,542,1910,1875,1819,535,1503,1732,1367,540,1133,1695,1735
709,1040,1583,1394,862,1781,1420,1022,1774,1774,928,1178,1052,670,1247,1237,698,1605
1066,1289,1665,881,1532,1807,1106,1103,774,886,715,1552,1834,1236,1620,863,1840,1111
1565,662,1234,1101,1903,571,556,1851,1218,1823,529,1069,1824,669,1689,873,997,937
1082,925,813,1088,998,1308,1268,1822,898,1492,1498,1239,513,563,1005,1647,558,1232
1284,1050,1577,581,1167,915,1116,745,696,627,941,1071,588,1529,1196,1643,1379,1149
1886,838,790,1405,1827,1791,1626,1439,1896,863,1979,1201,1301,502,1485,964,1298,978
547,1009,1297,1976,1433,1294,1513,1710,655,1494,554,1021,1836,1694,1870,1708,1463,790
619,569,1420,554,1741,1799,918,888,1341,1101,913,1411,551,972,775,765,1582,644
873,1343,1517,571,1315,1114,667,527,1990,824,1767,1408,1386,1657,502,844,1488,928
1763,998,1329,1076,1078,735,1846,1442,548,1542,1358,1109,760,743,1563,949,1139,1163
720,1176,1236,1151,1650,722,827,910,926,859,1125,1466,1803,837,873,612,1729,1606
999,1050,1081,827,994,1335,725,684,1378,1364,516,1251,915,1439,725,1917,1094,720
690,1204,1984,619,1981,1699,841,744,1304,1112,772,703,995,1451,1502,503,972,1956
1953,1219,1461,754,1192,1648,529,1645,1258,1585,1762,554,1250,1458,922,926,1699,630
661,1980,1873,921,1806,1925,1029,1612,702,1318,798,1784,1031,912,1971,508,1451,988
1548,1097,732,1216,1683,1052,1138,1394,1133,1647,1802,1679,880,924,1849,1958,1079,897
1053,1390,1578,985,1015,755,1640,1929,1284,1287,1903,1647,1726,1429,970,647,1783,950
688,858,1434,1536,731,1838,553,1609,560,1134,1665,950,677,1562,1379,1952,884,761
1933,938,517,1590,507,704,1729,1443,1299,1540,1388,1238,1289,913,1462,1770,1328,974
671,1732,1603,1381,1181,1531,780,1392,1063,1334,1940,1503,654,711,649,716,1396,1226
1345,1624,1455,1348,685,1049,943,1080,1872,1937,734,1283,1079,1817,1158,1120,1477,1493
1287,1396,1584,1849,1319,628,620,1073,584,1192,610,1409,1302,1997,1481,1918,1354,1681
847,1061,1146,504,907,1174,1989,1645,1369,1767,770,1561,620,1267,1024,1872,1569,1427
1179,1001,962,1249,1038,1027,1390,1601,704,1987,1144,1569,1506,1520,636,1828,713,1469
1239,1343,1196,1414,1746,874,1141,825,984,1313,1078,844,1415,1962,626,1977,2000,1038
750,1664,1948,1306,1305,662,1937,924,1263,1905,1395,1884,543,1513,1409,1574,1912,544
646,569,1438,1298,921,1511,565,1992,1185,1178,1216,748,606,1978,507,1818,1032,1168
952,605,645,1343,1127,849,1042,1730,1673,1429,543,1447,1589,1552,737,1686,518,1636
1693,859,1354,1259,1995,922,1652,670,1951,771,1678,876,1715,1389,1628,1356,1412,540
1791,1492,1993,1024,547,950,1799,987,1171,624,1683,629,912,513,612,1751,1812,1509
1209,870,873,1226,1692,689,1575,1049,898,1364,502,1969,1677,852,1193,1827,627,1555
728,1079,1812,1037,965,633,895,1288,1127,1865,1298,500,1065,968,1245,1439,1954,1818
1699,772,1038,779,1698,1108,1976,1396,1260,545,1017,1039,777,1792,1619,1521,1410,1606
1533,1977,990,1956,1874,879,1977,1740,740,731,1094,1474,1243,1591,1149,1999,911,869
990,1381,917,1412,1881,1987,1157,1944,1678,1627,587,538,1130,1444,683,511,717,1823
1370,841,859,1135,1778,1315,1909,708,564,1651,1221,622,535,641,843,1042,962,937
1192,1141,1745,868,762,1682,1639,1047,1692,1951,1962,515,1481,915,1761,1519,521,1653
650,1139,770,1259,1482,1999,1962,1449,1931,1214,1233,1388,1120,1671,1830,1143,757,660
960,893,1965,1264,1735,1114,1839,803,1775,1088,821,852,543,660,1737,1262,870,650
1871,1557,1197,1846,937,1300,884,863,1089,1908,859,751,1261,1669,794,1486,779,1039
1397,1007,1884,958,1661,1650,1101,1630,1142,641,1939,706,809,1953,1206,1052,864,1669
1974,1079,906,608,909,676,1085,909,1783,1041,646,720,1850,1159,886,1232,1654,1230
650,515,1817,1478,1710,1739,978,617,1624,1687,1421,1951,852,534,1216,1251,1216,990
893,1162,741,1760,577,963,790,536,743,1656,1745,667,1492,1416,1507,1842,1571,1698
1187,804,1701,1313,1553,1412,544,1864,576,1724,1381,755,1169,686,1528,1822,1020,1577
654,2000,997,1175,944,1333,1190,1457,900,1046,1861,1660,1855,1856,1044,986,1707,1641
741,1449,1947,1099,1965,1344,1854,1242,1969,1274,1720,1012,542,1595,1017,1621,647,1348
837,669,1032,1931,1326,1080,1265,1231,1466,1802,932,970,1739,1311,1208,1786,1397,1154
1174,1362,814,1881,1945,1952,1605,1394,1349,640,1231,1921,744,1107,702,521,810,1957
1602,874,1244,892,1772,1497,1866,1855,605,1923,1120,1161,1508,578,1932,1701,1586,1897
1059,688,1935,575,1560,1276,1206,1428,1621,553,571,890,750,1116,1665,792,842,1575
1156,840,545,987,1197,734,858,1759,1562,921,1808,503,961,1301,659,1123,738,1917
690,616,884,916,1138,1288,1628,1083,997,1096,1277,1746,848,728,1376,1494,963,1528
784,1876,867,1560,1401,657,1499,970,1452,1346,1492,1751,1819,1116,1658,1220,570,534
690,564,823,1813,1625,748,711,1729,1423,868,1935,987,1314,1377,1444,1475,818,862
670,1742,1744,1369,904,1076,1692,1703,1588,1034,1223,1476,1851,1575,1181,1013,1205,1314
998,1345,717,1806,1456,962,778,1967,1143,1548,1606,1177,1951,1257,817,1089,1623,1685
1699,1970,603,913,1228,1504,1769,1936,1067,1749,849,1529,1097,1034,1361,1091,1688,1290
748,1499,1289,942,1424,1737,582,1377,1123,1637,1125,1506,715,504,1940,1135,918,1980
1928,668,1105,1999,1321,1861,1629,1871,1468,677,570,1127,785,865,874,509,1230,1394
659,1637,1713,1447,1021,1643,1648,1486,790,1335,1067,1887,552,1052,1706,1149,937,735
595,1997,1583,1100,1444,1501,1670,989,844,783,1838,666,810,1569,1191,1771,966,1901
685,823,1276,1834,1056,1087,582,1859,948,1472,1849,725,1880,726,1198,613,670,659
997,505,938,1782,1094,752,849,1560,667,981,1473,1872,664,1871,645,1031,884,1158
1783,859,1828,572,1099,1994,943,2000,1833,1818,678,691,1550,677,858,1831,1367,1408
1500,1580,1886,1101,598,978,1224,719,981,1833,1016,1498,951,993,692,1547,1893,1296
1891,974,1293,1540,1522,1791,1827,997,1046,536,1421,1029,687,1423,962,1645,1670,1835
619,1365,885,536,924,503,535,1843,599,989,613,530,525,1256,1934,1709,990,1965
1606,1127,1599,1527,1957,639,1753,889,898,701,964,1672,1423,1365,1960,1394,676,1364
748,819,778,1372,500,1789,1522,1089,1965,1237,1537,616,1263,1451,840,1582,947,900
598,1417,1332,1862,1041,1052,501,523,1044,893,1680,1977,1899,1132,503,1107,912,1156
807,1719,816,1833,1023,581,1727,1769,1205,658,1566,1222,1126,1929,1047,1930,624,1021
1205,830,1041,922,754,1172,1472,941,1728,1201,1618,825,595,585,927,1364,766,633
1706,1693,1869,1818,1245,1950,1486,1866,1235,665,1639,1656,1621,826,1347,1233,1752,781
926,1983,1915,1857,1745,1081,1582,1761,1285,1718,1881,839,1988,663,677,1260,1393,1213
1742,1873,1936,1658,839,1329,1510,1603,1174,1600,934,1730,1048,1155,583,1811,613,1405
550,959,1640,1550,1915,1406,1227,1260,656,1352,1834,960,1382,859,1419,1722,1315,699
1283,1968,905,640,549,1779,776,1236,611,1649,1626,1896,1547,1084,1144,1024,1679,1774
1012,1247,866,1675,600,1556,1423,1614,1709,1690,530,1646,569,1387,1106,828,1195,998
1146,1204,1570,1308,1930,1709,1553,1451,604,534,1840,1260,1901,1642,1608,1123,1618,887
914,1863,1703,1111,1779,1434,1192,1152,842,1024,783,1266,1688,1788,955,1559,595,527
1422,1676,1755,1496,778,1439,860,693,1091,1313,1706,547,1985,1043,939,1038,1458,1719
1563,1798,799,1539,1302,1312,1889,1185,1482,1653,723,1640,1157,1619,1575,1921,1152,646
1065,1081,1827,614,1518,1660,1222,633,1079,533,1839,815,1156,642,1507,1396,1501,1767
724,1389,1971,1587,1595,1278,1473,1289,1856,1053,1166,1384,1257,511,1259,577,727,1323
1327,873,597,765,1612,1926,1513,971,1481,1799,780,1670,553,801,1263,622,1169,1921
1591,1457,1481,1660,1216,1217,1459,1338,1252,1380,812,604,1467,1816,1998,741,833,1491
1095,1522,1358,1570,1009,1260,853,1949,558,1796,1126,533,784,565,554,1749,1276,552
1603,1205,1823,509,1973,740,1312,1383,1338,1591,1369,1028,1863,1996,671,1416,1512,1105
1720,1786,1800,1717,1164,1682,524,1189,1346,625,891,909,1768,503,1257,1101,833,1247
1730,1435,1077,1255,573,641,1002,1292,1691,1362,536,1747,1525,1809,664,855,1657,1779
799,1068,1931,1127,1370,1409,1646,1105,1994,833,810,1877,1779,1456,1008,1592,798,1137
1985,996,1237,1108,1003,1707,818,849,1786,1619,933,1875,1833,1144,782,1178,634,1511
568,592,737,1221,1795,1698,1894,1099,870,1049,1743,1655,901,1613,1660,705,571,1444
1991,923,1376,1093,844,1321,1591,1490,595,1202,724,1356,1960,1368,1109,1769,1683,1143
1607,685,581,1475,1405,1324,1557,1049,1344,1017,1166,1914,1365,1657,1342,1139,567,1365
980,980,1817,1637,1924,900,753,1764,1559,1858,587,1185,844,953,917,983,1961,731
1825,1254,603,1314,537,1733,876,1510,1200,981,1244,531,601,1142,944,1730,1065,994
1735,857,1046,546,1263,1138,550,1035,580,1093,1675,1553,1726,1750,1127,805,1489,762
1937,1650,1023,959,1603,1493,1188,1230,1966,931,646,703,1087,1258,878,1255,1421,888
1960,1592,1525,1123,693,1581,1978,1478,1109,989,903,1618,947,1533,1914,1932,1001,505
1199,583,1354,1691,1110,1613,1408,1907,1687,1674,1546,1742,1747,1566,1954,548,1583,1284
705,914,632,778,1362,580,1108,1946,1171,1979,1252,570,909,1220,1777,1096,1734,521
662,1020,1050,1639,1012,619,746,680,530,1041,1890,1841,1344,1190,849,1715,820,1150
1267,1829,1956,1459,1818,1359,1486,631,1041,1174,624,1369,1060,1209,1287,1247,1180,1945
1215,609,1285,1029,1650,1222,1212,1736,596,1801,1894,1021,1360,830,1450,951,827,1751
1863,1693,1868,655,1896,1768,1674,873,1381,1330,1151,1436,1515,1300,1070,1578,869,1433
1420,1375,1291,913,985,1569,646,1650,1888,1546,1354,1716,1646,1527,687,577,1243,880
982,604,515,1951,607,1434,615,850,805,887,1270,606,1273,1634,1288,1257,1192,1098
1359,1149,1708,1042,1003,1143,1772,1782,856,1925,1054,845,1728,721,777,909,1441,1270
892,1367,1324,1678,961,1236,876,1226,1556,1740,1026,848,1993,1011,958,1102,1958,1234
585,1541,1570,947,663,574,503,1130,539,946,655,877,1801,1052,584,1942,1286,1922
1320,773,1154,1686,1015,1602,1213,1904,1988,1446,521,1177,595,1397,1203,1689,1052,942
1981,1615,1498,1463,1657,1731,1167,1577,1604,1929,927,968,1688,1133,631,1305,815,1384
1337,1447,799,1677,1969,891,504,1636,1063,1872,570,1957,1374,959,1242,1280,1975,1712
1864,1679,876,1681,1820,1624,1346,1485,1625,1433,1221,1479,838,512,1445,1454,964,1143
1538,742,974,1534,1216,1909,1393,1884,972,1537,867,1287,700,1458,1045,1256,1527,1418
1843,1127,1510,1507,1275,1900,945,826,1119,887,647,1407,1219,932,1948,907,1013,1612
1629,1064,1706,641,971,663,1357,1061,1203,1518,1067,1538,1193,1729,825,1583,1604,1376
515,1538,1840,1870,1169,686,1306,1747,1113,1074,1901,1203,1284,1087,812,876,995,543
1145,531,1819,1326,1828,677,600,1859,1659,1255,730,1622,584,1918,672,1239,1560,1896
540,770,1056,878,651,653,888,1896,1462,1978,981,1691,660,1212,501,1061,637,1413
1528,1482,1957,765,1744,1739,604,946,649,983,1611,1989,840,704,1416,616,1646,839
1011,612,1734,1743,1956,811,902,1028,1647,1699,1659,536,835,1966,599,1142,1282,1496
1067,789,568,1810,1781,1959,774,1194,1382,1754,564,840,1520,1633,1009,1776,1274,1622
1462,660,832,1538,1497,1784,1228,1363,1400,1160,1086,1194,1408,1088,1386,1546,1149,1935
1947,640,1002,553,710,1598,1959,542,1330,897,699,1640,802,1635,1739,1696,1484,1257
1218,1843,540,750,885,1589,666,529,1226,735,505,742,1712,1629,810,1986,1075,1096
1794,584,1774,719,1805,1008,1224,1568,1945,1886,578,1294,1604,1765,1883,983,1615,1324
1350,1277,572,1883,1565,580,1471,1877,1385,638,1293,972,1636,525,1247,715,877,1735
624,1689,902,1750,1578,951,1018,1648,1490,738,795,763,651,940,574,829,1746,921
1144,1206,577,1219,1133,1518,1421,1827,942,812,664,1607,1745,1521,873,1016,529,1798
1539,1214,1130,585,1567,906,1222,1631,1308,1582,1016,1433,590,1913,1500,1867,1615,1107
1681,623,1747,996,992,1508,1299,1814,1346,1688,1925,1462,1718,1084,517,816,1210,767
1422,784,1885,1442,1956,1009,1622,521,1905,1620,1993,1253,1731,1500,1299,1560,1347,1353
505,1995,1124,1186,769,1475,654,1653,696,1380,1325,1561,1064,1687,1664,1363,680,1990
592,1736,1508,1071,799,1278,1689,921,1854,1926,672,1528,1214,1225,849,1688,1384,1172
1415,1006,717,1436,641,979,1123,1406,1471,1475,870,1321,1864,1984,1871,1779,810,1283
540,1025,895,502,805,1660,1335,906,843,621,1703,794,1184,1663,1533,1976,635,1039
1149,1874,898,1462,527,1377,1855,1276,920,1644,1633,1087,1682,1504,1678,1368,1491,561
1971,706,1011,1680,1555,1955,1802,1337,1825,1204,1795,1919,1867,1998,1117,1729,1609,1642
624,561,1221,1894,1967,1658,1798,556,1044,710,931,1272,702,991,1435,1635,1456,604
1518,814,553,1852,1373,1050,1444,1786,1523,928,943,1611,1266,515,1630,1343,1394,1562
1701,1411,948,1916,1630,1226,1345,675,1050,1179,1899,719,1351,1741,1405,1988,1948,826
1707,1711,1187,898,750,759,1944,827,1326,837,677,1903,1888,995,1931,918,837,919
1334,934,1546,1374,1129,1288,553,1612,1679,1041,1168,1722,1550,1307,1531,792,740,510
1594,646,1018,1120,922,1661,682,1553,620,1304,551,946,1648,531,1994,1124,1065,1225
1848,820,1994,1087,1491,556,587,1534,1026,1796,582,1594,635,835,1939,1836,559,1309
502,700,1585,1104,1860,1950,1369,1114,601,908,1731,1526,1486,1866,512,618,1499,1157
1620,1939,1770,1262,1852,1952,1828,910,1729,999,788,768,1223,631,1809,1800,827,1191
785,1041,877,1179,901,850,917,1409,790,1638,671,1755,652,1241,1492,1030,944,535
1266,1480,1194,834,621,1084,567,1877,1252,1036,1173,926,1950,508,1918,1532,1141,1487
1377,781,1821,844,1857,738,996,1943,1256,1728,1087,1730,1317,1149,1699,1880,1102,1442
802,1356,1055,916,1314,601,1239,1062,1814,1892,519,528,1175,1530,1103,922,595,1432
1145,1716,1354,1999,751,1014,1619,1954,937,1756,591,1029,1949,1681,1652,1588,1289,1378
1715,912,1119,608,1765,647,654,1986,899,1461,1612,743,836,1134,1957,1697,1384,985
1758,639,1453,1120,1282,821,1764,638,1645,678,915,1857,996,969,775,685,1203,1081
1486,760,1661,1797,1194,1461,1294,1058,1011,1420,1084,1919,1428,1131,507,1142,797,516
882,1573,1596,1456,644,970,1328,1408,1230,1917,1938,670,1193,896,1711,920,1063,1931
899,1940,1098,707,1585,1988,508,1787,1931,1614,1808,1899,1360,1431,1949,1219,1641,1821
1870,516,1762,1843,1174,1133,1548,1032,1300,1778,1047,1651,833,910,1336,1087,799,727
1476,1050,1888,1345,1423,665,1629,537,1740,1353,1254,1723,1823,666,833,614,577,1546
1301,1069,517,774,745,1911,1467,1090,1969,1846,817,1242,1682,693,1608,1638,882,895
1794,1406,1719,729,840,1938,1213,699,1662,736,1316,1385,1095,1083,1549,581,1845,1224
549,1507,1211,1243,1841,1036,1319,656,1982,1690,1336,692,1021,1116,1647,1827,1502,1522
1016,1926,1676,807,1804,621,1877,663,1062,1484,1801,586,1989,741,1796,741,1981,1974
1947,788,691,1201,1673,688,1143,1570,1148,994,1907,979,517,1552,695,1739,875,1004
1475,1298,1958,606,1178,1897,1204,1595,1263,1365,817,1401,1707,1657,1690,1779,1872,1874
791,1764,695,1948,1476,1533,918,823,1066,1040,1765,1365,779,1831,879,1040,1907,1472
1837,1350,1635,1053,1516,1363,1644,1015,583,857,1034,998,551,1926,1237,533,1391,1085
822,1019,1854,1281,586,1309,1596,1108,1320,1286,636,1653,786,1976,844,734,1768,1461
1489,1886,1354,1259,588,1240,726,811,727,1720,1875,1411,1703,1777,1085,699,1394,1776
719,1898,1022,1462,562,1142,942,535,565,630,1722,1827,1730,1857,1188,977,1214,1048
1697,996,514,1554,821,1133,1355,1862,758,621,1533,910,1566,1098,1697,1062,1008,1850
1415,809,1738,1748,1372,1892,929,651,1059,1444,1382,612,622,724,702,1727,1279,1974
1591,1552,1826,1281,1219,827,1236,625,1130,1249,1908,862,986,1894,511,1467,1053,1103
1526,1170,968,1033,938,514,1322,834,1329,1956,1410,1685,1671,859,1141,1994,1648,633
1483,1591,1086,778,975,898,1648,872,1908,1900,1123,1467,1985,539,1384,1048,1776,775
650,1522,1207,1182,718,1676,1433,949,933,1684,665,1820,752,1673,1977,1757,1203,1637
1886,1947,1553,1201,1378,789,1774,1497,1863,1893,799,882,702,1342,1808,1765,868,1174
1463,1178,1899,1429,577,672,1532,1961,1287,1694,1201,1821,812,1809,1237,1393,1631,1413
669,1575,1295,1624,608,1187,961,1993,1729,829,615,1982,1044,1012,1027,637,1799,701
1243,1166,958,1189,1073,1262,735,1735,1214,1669,870,1997,1945,752,1904,1278,507,657
1373,1518,1703,930,1731,1097,1393,1497,1787,718,1122,1978,1917,793,1208,1508,1811,792
1087,1051,1773,1991,1984,1395,821,1992,624,775,1493,743,1483,944,1731,1304,1599,1582
1477,1635,1718,1753,964,783,1283,1498,547,967,906,1203,515,1125,1976,1770,1475,927
866,1293,1344,514,832,616,1221,1645,1833,1546,1821,1544,968,1006,1035,536,1635,1526
1760,1557,1982,1048,864,1542,1345,1727,1175,1468,1356,1298,1002,1574,1096,871,974,1238
599,1156,1689,738,834,775,744,970,1071,887,1307,650,744,500,1929,1828,764,739
1982,1012,1675,1485,701,1854,748,1962,1073,743,688,1097,1012,1659,1702,512,1548,1591
926,1338,689,1277,601,1940,1202,598,517,1609,846,1751,1314,1846,593,1650,1517,1418
1412,1568,1123,1269,1934,1108,1477,1609,1207,1458,1453,627,1834,904,1914,1228,812,1043
1719,1882,1707,1331,1474,1220,526,1893,1027,1792,1007,1122,1137,1933,1460,1243,1659,1587
1332,822,1944,1460,783,1205,543,916,1262,1448,1908,686,1784,1077,655,1164,520,1730
668,1729,1058,1929,817,1446,1787,882,1842,1763,1066,1154,1710,813,1830,1482,998,1133
544,809,655,1226,1763,1091,1180,1168,773,1628,696,1971,1538,657,1541,1855,930,605
1675,1547,1794,1788,1706,1918,1410,1010,829,1693,1649,1761,1652,1979,1293,1211,1670,1995
1432,696,1864,1307,1582,861,1226,1827,1875,1302,1883,1442,1182,1170,1815,1082,1603,1690
1130,756,658,1886,1397,1215,1401,967,1366,1213,1550,1395,1052,831,577,884,1438,1412
1281,842,1283,1131,1336,1580,1038,1601,1069,799,863,1935,546,901,1506,1589,991,1897
1866,1826,1612,1792,970,1768,1122,1869,1799,1620,894,922,1499,1318,1234,1997,1628,985
915,1249,1510,1471,620,815,848,739,1214,1967,1890,1965,853,869,1565,934,1916,1218
1907,1396,1789,1223,726,1963,1798,1628,1634,1392,687,1175,1765,720,1060,1236,1813,944
1282,717,708,1234,859,1212,520,1083,929,526,1547,1187,1226,692,832,907,1431,768
1408,573,808,721,1790,1195,1675,1906,820,552,914,1831,529,1842,855,1030,922,684
798,649,1569,672,1253,1266,550,1716,979,1616,629,1042,1374,1893,575,1018,1651,1940
1686,901,1982,1299,1585,1561,634,1682,586,1463,1650,864,1549,1108,1404,732,779,765
1690,1522,854,760,1529,614,638,1912,1938,743,1287,1986,705,731,602,798,851,1641
1139,1623,1029,1552,1135,627,1338,1960,1276,689,1269,1333,1005,825,1663,1729,1186,1672
1321,1794,1257,817,753,974,1960,1227,1822,1522,1170,1416,1276,1433,1225,1488,1434,1935
1523,1245,840,1358,1462,620,1955,1055,763,1454,1351,819,1346,599,906,1904,1255,1691
1104,1409,607,1291,1195,1050,956,1316,796,1524,1161,1153,1475,791,642,1949,828,1138
1640,1180,592,1075,1868,776,1958,1837,790,1478,948,985,1624,1204,1133,1803,881,1733
662,726,828,986,1674,1932,1027,1011,925,1845,831,967,1714,958,1145,806,599,1769
882,908,1953,1099,1530,1572,1345,1797,1654,801,512,1904,586,1133,1298,1823,1936,1275
656,1061,928,1069,1625,1588,586,1810,779,590,659,1222,1146,1679,1423,1490,1737,1304
691,1362,1741,673,1114,1753,1482,1232,1508,1324,728,1473,1219,1408,625,1464,911,1299
1795,647,1743,1350,1028,1062,1033,1816,1020,1727,544,785,1019,596,1198,620,1024,1036
1147,1077,1874,623,662,1941,1634,671,789,1890,1937,1364,1642,585,1280,1704,609,1021
1686,819,1682,1887,1281,542,1613,826,815,1803,1532,1044,1081,967,824,1742,939,1282
1202,1684,1470,1664,1569,1563,1178,996,1474,803,837,1982,1468,1447,1241,541,1952,978
1200,505,1395,1869,1825,1785,1632,874,1557,833,1414,820,1571,731,630,748,1805,1665
1815,1654,1636,917,1856,1456,789,932,973,1312,905,1496,1204,1230,1491,575,651,982
629,1464,722,1287,1998,1616,1849,978,1773,1975,1412,607,1268,1133,1148,1051,1699,1378
717,1892,1401,1717,644,1405,838,734,1724,1195,1651,1802,660,747,1766,1426,1324,1635
999,1278,1312,529,970,1031,1666,1715,1297,1256,1051,738,1915,1003,864,790,1481,527
1011,1519,1797,1651,1431,1930,1099,1913,750,1455,1072,853,708,1981,1525,1762,1152,1869
1010,758,546,1835,1970,1650,872,672,1244,991,1288,638,649,1333,1480,2000,1597,846
645,1582,1353,885,1951,862,1809,1689,659,1342,1117,1720,713,1375,534,1963,1712,622
1839,1294,1704,614,1486,518,1781,837,634,1215,545,500,1983,1735,1808,1754,890,1554
1126,969,1143,837,1694,522,1159,670,1195,763,1934,824,1966,1942,1005,934,1486,615
874,1017,881,657,757,736,632,935,918,981,1907,1229,1961,1761,1636,1731,625,1034
1002,1925,913,1187,1034,1984,1423,1374,668,1559,1935,1193,1874,887,1675,1722,908,1951
1249,1481,858,1882,1191,655,1272,1546,512,744,1228,1586,1006,1190,600,1279,1434,1615
766,1050,785,1545,1418,1179,977,1753,899,1220,764,1424,1757,1086,565,1668,1049,1218
527,1948,599,552,1870,1754,1756,1836,1032,780,521,1651,903,897,1514,533,1985,1263
1823,1062,1836,1885,987,1367,1068,1454,1587,770,837,746,1922,624,1036,1656,1280,1643
1276,858,971,822,973,792,1462,1766,757,1253,1383,605,1008,1397,1901,1479,1543,609
870,1134,697,854,866,956,724,1618,1274,1384,1099,1420,652,1405,1123,1836,1976,1365
539,1095,1505,722,1153,1788,1131,632,1155,1540,1201,1353,1392,1122,979,1739,1329,966
1115,1726,1233,1440,1952,1057,597,1046,1380,1258,1962,705,1677,1578,2000,1935,1608,1655
1435,978,575,602,1481,643,656,1284,505,830,1798,1256,1281,1043,1722,1536,1203,884
518,849,1380,1287,1984,1428,940,1970,1013,1079,1489,1924,1155,693,1203,1786,1440,943
1471,1649,1155,1546,1746,882,1309,1541,1304,681,1818,868,1442,615,1023,1836,1052,949
1373,1109,601,1175,836,544,870,1197,963,1363,947,546,1326,887,1178,802,1485,1260
917,1883,1614,1326,1937,1297,834,994,570,1785,989,620,1795,1710,528,1751,1034,1587
1690,873,1502,1150,1491,662,1704,1315,1853,878,1211,1493,1843,1145,1121,1929,892,1327
1824,1194,1162,767,1198,1673,1893,541,853,1083,1682,1052,501,1545,828,709,697,1105
581,514,1951,1949,1809,1849,593,839,612,1790,500,1829,1248,1663,1051,1186,1796,1932
698,1598,536,1121,1369,1354,1695,1692,1166,1437,1079,1516,1184,1779,1104,1007,1967,1248
640,1677,1602,1668,668,1160,1569,1143,1409,1395,948,1436,1303,1973,523,565,1333,633
843,1364,743,1573,506,1743,1050,1090,1193,1078,1721,647,927,1889,686,1783,1990,1012
616,770,1381,537,1607,1814,742,774,1288,826,1724,1922,705,1980,1602,1836,1423,1679
671,1825,1212,1448,567,1585,1291,1332,594,1246,634,1882,1377,1382,723,1948,865,1260
1485,1668,1719,819,587,540,1844,815,1620,1098,1474,1703,939,1864,1842,1948,1397,1729
978,1486,1792,1646,1451,1871,1510,649,1907,1110,1120,1410,1019,1660,1960,1066,1161,1950
1833,1917,1009,1716,1577,1209,590,1922,899,1985,728,905,1216,1999,957,1199,772,908
1034,678,1863,951,708,593,890,1224,963,1730,614,1455,1233,993,1885,1048,543,585
1688,592,1504,1193,1790,1288,824,1308,1334,1179,701,1763,601,1523,661,1469,646,1196
640,1342,1467,1078,1982,1386,1450,1700,1444,1622,1282,1009,546,514,760,1880,1406,1005
904,1796,1068,1910,1889,1598,889,1287,1322,1474,1644,1621,1284,1527,1899,1126,673,758
1772,987,1229,930,1014,1533,895,796,1745,1925,504,767,1983,1075,738,821,952,526
1626,1969,1020,756,1775,1811,1227,918,974,564,1983,1874,905,1007,1385,1068,597,1170
1284,1021,595,794,1758,1796,962,669,1321,1054,1623,1121,1893,1316,1389,893,1656,1663
603,1241,904,506,909,864,1857,1050,1595,1209,1581,1975,1049,1297,1580,1906,1173,1641
1974,1178,506,1752,1315,801,1483,1362,1399,575,579,990,597,1784,992,1707,795,1063
1583,1141,1554,637,1458,621,1154,865,1572,854,1193,1774,603,1332,1895,524,681,1475
1770,1254,1491,642,602,678,1395,847,1551,1845,919,1019,1357,1171,1325,936,1678,721
1785,500,1537,1020,768,1607,1640,840,619,1671,1056,1497,916,647,1050,962,1261,646
1724,718,1044,1269,1107,867,1057,645,1753,1420,1863,1344,765,1369,585,1753,1343,832
1420,986,1690,1703,665,731,632,1671,1835,954,901,908,982,1554,1235,1931,1174,1804
592,1205,623,505,1857,1837,1390,980,1186,649,1767,687,1060,1158,1468,1805,967,1469
1347,1298,1156,1053,1941,1124,1236,1800,1121,1024,716,650,1552,1645,1432,1680,1719,1224
1234,985,1880,674,1179,965,760,1439,1964,1100,1792,1276,611,757,939,1391,1773,1349
583,1388,921,1213,590,766,1006,1566,1188,1404,1043,1733,507,1658,562,848,1757,1781
1050,1655,620,1830,1018,1131,1421,628,1532,1350,960,1085,1511,1545,874,1256,1009,677
1231,1987,1597,1586,1960,1662,1835,1890,1338,753,922,814,1089,792,1220,1171,1352,635
1467,709,1653,1641,1773,1594,1127,1818,721,1547,1843,591,1636,1938,1051,1673,1571,999
1236,1346,1523,1800,1762,1812,1552,1409,633,1032,1349,1815,1180,1684,1995,1285,1450,1174
1340,1166,1226,1840,662,1911,1711,1172,739,1777,1928,614,1224,909,1520,1387,521,1978
1107,1164,1094,1188,1199,584,689,1822,730,643,646,1466,1293,1997,1557,710,1046,761
1579,1394,1392,803,1441,1643,954,1994,1624,1045,503,1032,1109,883,1673,1374,777,901
835,1958,1611,1229,575,854,834,1335,960,507,781,1658,1665,1382,1520,1683,1288,919
1168,882,1708,1124,1199,749,950,715,564,1122,1614,1621,1690,1518,803,1353,1980,1714
1223,1748,1007,1205,1519,1152,1396,1097,1696,1900,1906,1734,725,1313,958,548,1259,1854
1826,820,699,1163,1990,1684,880,908,1637,1058,1613,777,1178,1022,1969,575,958,755
1766,1109,1251,1181,1498,1031,1071,1661,1332,1858,577,1986,1393,747,1287,1719,1681,1174
678,719,1763,1035,551,732,1806,1995,1261,1200,1973,1637,1401,1618,1204,1945,789,965
582,1618,730,1613,795,998,937,1013,607,1996,869,1942,1728,546,608,1238,1286,1768
