﻿taxa,H,Y,T,O
Saxifraga_stolonifera,0,0,0,1
Saxifraga_trabutiana,0,0,0,1
Saxifraga_erioblasta,0,0,0,1
Saxifraga_rigoi,0,0,0,1
Saxifraga_canaliculata,0,0,0,1
Saxifraga_camposii,0,0,0,1
Saxifraga_trifurcata,0,0,0,1
Saxifraga_babiana,0,0,0,1
Saxifraga_cuneata,0,0,0,1
Saxifraga_hypnoides,0,0,0,1
Saxifraga_fragosoi,0,0,0,1
Saxifraga_bulbifera,0,0,0,1
Saxifraga_dichotoma,0,0,0,1
Saxifraga_latepetiolata,0,0,0,1
Saxifraga_graeca,0,0,0,1
Saxifraga_sedoides,0,0,0,1
Saxifraga_rosacea,0,0,0,1
Saxifraga_cespitosa,0,0,0,1
Saxifraga_granulata,0,0,0,1
Saxifraga_cintrana,0,0,0,1
Saxifraga_gemmulosa,0,0,0,1
Saxifraga_aquatica,0,0,0,1
Saxifraga_exarata,0,0,0,1
Saxifraga_cebennensis,0,0,0,1
Saxifraga_fragilis,0,0,0,1
Saxifraga_hariotii,0,0,0,1
Saxifraga_praetermissa,0,0,0,1
Saxifraga_pubescens,0,0,0,1
Saxifraga_vayredana,0,0,0,1
Saxifraga_pentadactylis,0,0,0,1
Saxifraga_nevadensis,0,0,0,1
Saxifraga_biternata,0,0,0,1
Saxifraga_reuteriana,0,0,0,1
Saxifraga_globulifera,0,0,0,1
Saxifraga_conifera,0,0,0,1
Saxifraga_arachnoidea,0,0,0,1
Saxifraga_aphylla,0,0,0,1
Saxifraga_tridactylites,0,0,0,1
Saxifraga_androsacea,0,0,0,1
Saxifraga_depressa,0,0,0,1
Saxifraga_florulenta,0,0,0,1
Saxifraga_aizoides,0,0,0,1
Saxifraga_mutata,0,0,0,1
Saxifraga_caesia,0,0,0,1
Saxifraga_afghanica,0,1,1,0
Saxifraga_squarrosa,0,0,0,1
Saxifraga_biflora,0,0,0,1
Saxifraga_pulvinaria,1,1,1,0
Saxifraga_oppositifolia,0,0,1,1
Saxifraga_spathularis,0,0,0,1
Saxifraga_hostii,0,0,0,1
Saxifraga_paniculata,0,0,0,1
Saxifraga_cuneifolia,0,0,0,1
Saxifraga_rotundifolia,0,0,0,1
Saxifraga_cochlearis,0,0,0,1
Saxifraga_hirsuta,0,0,0,1
Saxifraga_aspera,0,0,0,1
Saxifraga_bryoides,0,0,0,1
Saxifraga_hyperborea,0,0,0,1
Saxifraga_cernua,1,0,1,1
Saxifraga_sibirica,1,1,1,1
Saxifraga_wallichiana,1,1,0,0
Saxifraga_brachypoda,1,1,0,1
Saxifraga_brunonis,1,1,0,0
Saxifraga_setigera,0,0,0,1
Saxifraga_flagellaris,0,0,0,1
Saxifraga_nangxianensis,0,0,1,0
Saxifraga_consanguinea,1,1,1,0
Saxifraga_hispidula,1,1,0,1
Saxifraga_strigosa,1,1,0,0
Saxifraga_gemmipara,1,0,0,0
Saxifraga_balfourii,1,0,0,0
Saxifraga_sinomontana,1,1,1,0
Saxifraga_tangutica,1,1,1,0
Saxifraga_hookeri,0,1,0,0
Saxifraga_isophylla,1,0,0,0
Saxifraga_xiaozhongdianensis,1,0,0,0
Saxifraga_egregia,1,0,1,0
Saxifraga_insolens,1,0,0,0
Saxifraga_diversifolia,1,1,0,0
Saxifraga_peplidifolia,1,0,0,0
Saxifraga_pseudohirculus,1,0,1,0
Saxifraga_hirculus,1,0,1,1
Saxifraga_kingiana,0,1,0,0
Saxifraga_sanguinea,1,0,1,0
Saxifraga_serpyllifolia,0,0,0,1
Saxifraga_gemmigera,1,0,0,1
Saxifraga_tatsienluensis,1,0,0,0
Saxifraga_unguiculata,1,0,1,1
Saxifraga_punctulata,0,1,0,0
Saxifraga_dingqingensis,0,0,1,0
Saxifraga_umbellulata,1,1,1,0
Saxifraga_hederacea,0,0,0,1
Saxifraga_rebunshirensis,0,0,0,1
Saxifraga_bronchialis,0,0,0,1
Saxifraga_funstonii,0,0,0,1
Saxifraga_cherlerioides,0,0,0,1
Saxifraga_tricuspidata,0,0,0,1
Saxifraga_taylorii,0,0,0,1
Saxifraga_losae,0,0,0,1
Saxifraga_mertensiana,0,0,0,1
Saxifraga_fortunei,0,0,0,1
Saxifraga_cotyledon,0,0,0,1
Saxifraga_cacuminum,1,0,0,0
Saxifraga_parkaensis,0,0,1,0
Saxifraga_yezhiensis,1,0,0,0
Saxifraga_yarlungzangboensis,0,1,1,0
Saxifraga_wenchuanensis,1,0,0,0
Saxifraga_wardii,1,0,0,0
Saxifraga_wahlenbergii,0,0,0,1
Saxifraga_versicallosa,1,0,0,0
Saxifraga_vandellii,0,0,0,1
Saxifraga_valdensis,0,0,0,1
Saxifraga_unguipetala,0,0,1,1
Saxifraga_umbrosa,0,0,0,1
Saxifraga_tsangchanensis,1,0,0,0
Saxifraga_triaristulata,1,0,0,0
Saxifraga_tombeanensis,0,0,0,1
Saxifraga_tibetica,0,0,1,0
Saxifraga_tenella,0,0,0,1
Saxifraga_taygetea,0,0,0,1
Saxifraga_substrigosa,1,1,1,0
Saxifraga_subsessiliflora,1,1,1,0
Saxifraga_subaequifoliata,1,0,0,0
Saxifraga_stribrnyi,0,0,0,1
Saxifraga_stellerana,0,0,0,1
Saxifraga_stella_aurea,1,1,1,0
Saxifraga_sphaeradena,0,1,0,0
Saxifraga_signatella,0,1,1,0
Saxifraga_signata,1,0,0,0
Saxifraga_sibthorpii,0,0,0,1
Saxifraga_sempervivum,0,0,0,1
Saxifraga_sediformis,1,0,0,0
Saxifraga_scardica,0,0,0,1
Saxifraga_sancta,0,0,0,1
Saxifraga_saginoides,0,1,0,0
Saxifraga_rufescens,1,0,0,1
Saxifraga_rivularis,0,0,0,1
Saxifraga_retusa,0,0,0,1
Saxifraga_repanda,0,0,0,1
Saxifraga_punctulatoides,0,1,0,0
Saxifraga_pulchra,1,0,0,0
Saxifraga_przewalskii,1,0,1,0
Saxifraga_presolanensis,0,0,0,1
Saxifraga_prattii,1,0,0,0
Saxifraga_perpusilla,1,1,0,0
Saxifraga_pedemontana,0,0,0,1
Saxifraga_parva,0,1,1,0
Saxifraga_parnassifolia,0,1,0,1
Saxifraga_osloensis,0,0,0,1
Saxifraga_oreophila,1,0,0,0
Saxifraga_omphalodifolia,1,0,0,0
Saxifraga_nigroglandulifera,1,1,1,0
Saxifraga_nanella,1,1,1,0
Saxifraga_mucronulatoides,0,1,0,0
Saxifraga_mucronulata,1,1,0,0
Saxifraga_moorcroftiana,1,1,0,0
Saxifraga_montanella,1,1,1,0
Saxifraga_microgyna,1,0,0,0
Saxifraga_mengtzeana,0,0,0,1
Saxifraga_maxionggouensis,1,0,0,0
Saxifraga_marginata,0,0,0,1
Saxifraga_magellanica,0,0,0,1
Saxifraga_macrostigmatoides,1,0,0,0
Saxifraga_macrocalyx,0,0,0,1
Saxifraga_lychnitis,1,1,0,0
Saxifraga_luteoviridis,0,0,0,1
Saxifraga_longifolia,0,0,0,1
Saxifraga_llonakhensis,1,0,0,0
Saxifraga_litangensis,1,0,0,0
Saxifraga_linearifolia,1,0,0,0
Saxifraga_kotschyi,0,0,0,1
Saxifraga_komarovii,0,1,0,1
Saxifraga_kingdonii,1,0,0,0
Saxifraga_kegangii,0,0,0,1
Saxifraga_juniperifolia,0,0,0,1
Saxifraga_jacquemontiana,0,1,0,0
Saxifraga_italica,0,0,0,1
Saxifraga_irrigua,0,0,0,1
Saxifraga_implicans,1,0,1,0
Saxifraga_imparilis,1,0,0,0
Saxifraga_hypericoides,1,0,0,0
Saxifraga_hirculoides,0,1,1,0
Saxifraga_heterotricha,0,0,1,0
Saxifraga_heterocladoides,1,0,0,0
Saxifraga_hengduanensis,1,1,0,0
Saxifraga_heleonastes,1,0,0,0
Saxifraga_haplophylloides,1,0,0,0
Saxifraga_gyalana,1,0,0,0
Saxifraga_granulifera,1,1,1,0
Saxifraga_gouldii,0,1,0,0
Saxifraga_gonggashanensis,1,0,0,0
Saxifraga_glaucophylla,1,0,0,0
Saxifraga_glacialis,1,0,0,0
Saxifraga_giraldiana,1,0,0,1
Saxifraga_georgei,1,1,0,0
Saxifraga_gedangensis,1,1,0,0
Saxifraga_forrestii,1,0,0,0
Saxifraga_flexilis,1,0,0,0
Saxifraga_firma,0,0,0,1
Saxifraga_finitima,1,0,0,0
Saxifraga_filicaulis,1,1,0,0
Saxifraga_federici_augusti,0,0,0,1
Saxifraga_erinacea,0,1,0,1
Saxifraga_epiphylla,1,0,0,1
Saxifraga_engleriana,0,1,0,0
Saxifraga_eglandulosa,1,1,0,0
Saxifraga_drabiformis,1,0,0,0
Saxifraga_diffusicallosa,1,1,1,0
Saxifraga_dielsiana,1,0,0,0
Saxifraga_diapensioides,0,0,0,1
Saxifraga_diapensia,1,0,0,0
Saxifraga_dianxibeiensis,1,0,0,0
Saxifraga_densifoliata,1,0,0,0
Saxifraga_daqiaoensis,0,0,0,1
Saxifraga_dahaiensis,1,0,0,0
Saxifraga_cymbalaria,0,0,0,1
Saxifraga_culcitosa,1,0,0,0
Saxifraga_crustata,0,0,0,1
Saxifraga_corsica,0,0,0,1
Saxifraga_contraria,0,1,1,0
Saxifraga_congestiflora,1,0,0,0
Saxifraga_cinerascens,1,0,0,0
Saxifraga_ciliatopetala,1,0,1,0
Saxifraga_chrysanthoides,1,0,0,0
Saxifraga_chrysantha,0,0,0,1
Saxifraga_chionophila,1,0,0,0
Saxifraga_caveana,0,1,0,0
Saxifraga_carpatica,0,0,0,1
Saxifraga_cardiophylla,1,0,0,0
Saxifraga_candelabrum,1,0,0,0
Saxifraga_bulleyana,1,0,0,0
Saxifraga_bracteata,0,0,0,1
Saxifraga_brachyphylla,1,0,0,0
Saxifraga_berica,0,0,0,1
Saxifraga_bergenioides,0,1,0,0
Saxifraga_auriculata,1,1,0,0
Saxifraga_aurantiaca,1,0,0,0
Saxifraga_aristulata,1,1,0,0
Saxifraga_aretioides,0,0,0,1
Saxifraga_angustata,1,0,0,0
Saxifraga_andersonii,0,1,0,0
Saxifraga_aleutica,0,0,0,1
Saxifraga_adscendens,0,0,0,1
Saxifraga_paradoxa,0,0,0,1
Saxifraga_banmaensis,1,0,0,0
Astilbe_chinensis,1,0,0,1
Astilbe_japonica,0,0,0,1
Astilbe_rivularis,1,1,0,1
Bensoniella_oregona,0,0,0,1
Bergenia_ciliata,0,1,0,0
Bergenia_crassifolia,0,0,0,1
Bergenia_emeiensis,1,0,0,1
Bergenia_ligulata,1,1,0,0
Bergenia_purpurascens,1,1,0,0
Bergenia_stracheyi,0,1,1,0
Bolandra_californica,0,0,0,1
Bolandra_oregana,0,0,0,1
Boykinia_occidentalis,0,0,0,1
Boykinia_richardsonii,0,0,0,1
Boykinia_rotundifolia,0,0,0,1
Cascadia_nuttallii,0,0,0,1
Chrysosplenium_alternifolium,0,0,0,1
Chrysosplenium_americanum,0,0,0,1
Chrysosplenium_davidianum,1,0,0,1
Chrysosplenium_flagelliferum,0,0,0,1
Chrysosplenium_grayanum,0,0,0,1
Chrysosplenium_griffithii,1,1,0,1
Chrysosplenium_hydrocotylifolium,0,0,0,1
Chrysosplenium_iowense,0,0,0,1
Chrysosplenium_japonicum,0,0,0,1
Chrysosplenium_lanuginosum,1,1,0,1
Chrysosplenium_microspermum,0,0,0,1
Chrysosplenium_nepalense,1,1,0,0
Chrysosplenium_oppositifolium,0,0,0,1
Chrysosplenium_pilosum,0,0,0,1
Chrysosplenium_rosendahlii,0,0,0,1
Chrysosplenium_tetrandrum,0,0,0,1
Chrysosplenium_wrightii,0,0,0,1
Conimitella_williamsii,0,0,0,1
Darmera_peltata,0,0,0,1
Elmera_racemosa,0,0,0,1
Heuchera_americana,0,0,0,1
Heuchera_cylindrica,0,0,0,1
Heuchera_glabra,0,0,0,1
Heuchera_hirsutissima,0,0,0,1
Heuchera_merriamii,0,0,0,1
Heuchera_micrantha,0,0,0,1
Heuchera_parviflora,0,0,0,1
Heuchera_richardsonii,0,0,0,1
Heuchera_rubescens,0,0,0,1
Heuchera_sanguinea,0,0,0,1
Jepsonia_parryi,0,0,0,1
Leptarrhena_pyrolifolia,0,0,0,1
Micranthes_aprica,0,0,0,1
Micranthes_atrata,0,0,1,0
Micranthes_brachypetala,0,0,0,1
Micranthes_bryophora,0,0,0,1
Micranthes_californica,0,0,0,1
Micranthes_calycina,0,0,0,1
Micranthes_careyana,0,0,0,1
Micranthes_caroliniana,0,0,0,1
Micranthes_eriophora,0,0,0,1
Micranthes_fallax,0,0,0,1
Micranthes_ferruginea,0,0,0,1
Micranthes_foliolosa,0,0,0,1
Micranthes_fusca,0,0,0,1
Micranthes_hieraciifolia,0,0,0,1
Micranthes_howellii,0,0,0,1
Micranthes_integrifolia,0,0,0,1
Micranthes_laciniata,0,0,0,1
Micranthes_lyallii,0,0,0,1
Micranthes_manchuriensis,0,0,0,1
Micranthes_marshallii,0,0,0,1
Micranthes_melaleuca,0,0,0,1
Micranthes_melanocentra,1,1,1,1
Micranthes_merkii,0,0,0,1
Micranthes_micranthidifolia,0,0,0,1
Micranthes_nelsoniana,0,0,0,1
Micranthes_nidifica,0,0,0,1
Micranthes_nivalis,0,0,0,1
Micranthes_nudicaulis,0,0,0,1
Micranthes_occidentalis,0,0,0,1
Micranthes_odontoloma,0,0,0,1
Micranthes_oregana,0,0,0,1
Micranthes_pallida,1,1,0,0
Micranthes_pensylvanica,0,0,0,1
Micranthes_petiolaris,0,0,0,1
Micranthes_punctata,0,0,0,1
Micranthes_purpurascens,0,0,0,1
Micranthes_razshivinii,0,0,0,1
Micranthes_redofskyi,0,0,0,1
Micranthes_reflexa,0,0,0,1
Micranthes_rhomboidea,0,0,0,1
Micranthes_rufidula,0,0,0,1
Micranthes_sachalinensis,0,0,0,1
Micranthes_spicata,0,0,0,1
Micranthes_subapetala,0,0,0,1
Micranthes_tempestiva,0,0,0,1
Micranthes_tenuis,0,0,0,1
Micranthes_texana,0,0,0,1
Micranthes_tilingiana,0,0,0,1
Micranthes_tolmiei,0,0,0,1
Micranthes_virginiensis,0,0,0,1
Mitella_acerina,0,0,0,1
Mitella_caulescens,0,0,0,1
Mitella_diphylla,0,0,0,1
Mitella_japonica,0,0,0,1
Mitella_nuda,0,0,0,1
Mitella_pauciflora,0,0,0,1
Mitella_stauropetala,0,0,0,1
Mitella_stylosa,0,0,0,1
Mitella_yoshinagae,0,0,0,1
Mukdenia_rossii,0,0,0,1
Oresitrophe_rupifraga,0,0,0,1
Ozomelis_diversifolia,0,0,0,1
Ozomelis_trifida,0,0,0,1
Pectiantia_breweri,0,0,0,1
Pectiantia_ovalis,0,0,0,1
Pectiantia_pentandra,0,0,0,1
Peltoboykinia_tellimoides,0,0,0,1
Rodgersia_aesculifolia,1,0,0,1
Rodgersia_pinnata,1,0,0,1
Rodgersia_podophylla,0,0,0,1
Rodgersia_sambucifolia,1,0,0,1
Saniculiphyllum_guangxiense,0,0,0,1
Saxifragopsis_fragarioides,0,0,0,1
Suksdorfia_violacea,0,0,0,1
Sullivantia_oregana,0,0,0,1
Tanakaea_radicans,0,0,0,1
Telesonix_heucheriformis,0,0,0,1
Tellima_grandiflora,0,0,0,1
Tiarella_cordifolia,0,0,0,1
Tolmiea_menziesii,0,0,0,1